MMSI,BaseDateTime,LAT,LON,SOG,COG,Heading,VesselName,IMO,CallSign,VesselType
367049010,2020-01-01T00:00:08,29.87865,-89.89945,0.1,225.5,511.0,MISS TERRY,,WAO2809,60.0
367049010,2020-01-01T00:01:17,29.87864,-89.89942,0.0,229.9,511.0,MISS TERRY,,WAO2809,60.0
367049010,2020-01-01T00:02:28,29.87877,-89.89941,4.9,10.2,511.0,MISS TERRY,,WAO2809,60.0
367049010,2020-01-01T00:03:30,29.88217,-89.90299,17.7,308.5,511.0,MISS TERRY,,WAO2809,60.0
367049010,2020-01-01T00:04:36,29.88511,-89.90632,3.1,346.0,511.0,MISS TERRY,,WAO2809,60.0
367049010,2020-01-01T00:05:42,29.88519,-89.90632,0.1,325.4,511.0,MISS TERRY,,WAO2809,60.0
367049010,2020-01-01T00:06:48,29.88358,-89.90491,21.5,171.9,511.0,MISS TERRY,,WAO2809,60.0
367049010,2020-01-01T00:08:05,29.87821,-89.90039,18.7,80.4,511.0,MISS TERRY,,WAO2809,60.0
367049010,2020-01-01T00:09:30,29.87848,-89.89946,0.2,172.3,511.0,MISS TERRY,,WAO2809,60.0
367049010,2020-01-01T00:10:41,29.87847,-89.89945,0.2,174.7,511.0,MISS TERRY,,WAO2809,60.0
367049010,2020-01-01T00:12:06,29.87845,-89.89945,0.1,193.0,511.0,MISS TERRY,,WAO2809,60.0
367049010,2020-01-01T00:13:12,29.87846,-89.89946,0.1,181.8,511.0,MISS TERRY,,WAO2809,60.0
367049010,2020-01-01T00:14:21,29.87847,-89.89946,0.1,198.4,511.0,MISS TERRY,,WAO2809,60.0
367049010,2020-01-01T00:15:31,29.87846,-89.89946,0.1,206.9,511.0,MISS TERRY,,WAO2809,60.0
367049010,2020-01-01T00:17:12,29.87847,-89.89945,0.1,194.2,511.0,MISS TERRY,,WAO2809,60.0
367049010,2020-01-01T00:18:31,29.87847,-89.89946,0.0,187.8,511.0,MISS TERRY,,WAO2809,60.0
367049010,2020-01-01T00:20:12,29.87848,-89.89943,0.0,194.4,511.0,MISS TERRY,,WAO2809,60.0
367049010,2020-01-01T00:21:51,29.87845,-89.89945,0.0,190.0,511.0,MISS TERRY,,WAO2809,60.0
367049010,2020-01-01T00:23:51,29.87846,-89.89943,0.0,195.9,511.0,MISS TERRY,,WAO2809,60.0
367049010,2020-01-01T00:25:11,29.87847,-89.89944,0.0,204.7,511.0,MISS TERRY,,WAO2809,60.0
367049010,2020-01-01T00:26:42,29.87845,-89.89945,0.0,185.3,511.0,MISS TERRY,,WAO2809,60.0
367049010,2020-01-01T00:28:01,29.87846,-89.89945,0.0,192.9,511.0,MISS TERRY,,WAO2809,60.0
367049010,2020-01-01T00:29:22,29.87846,-89.89946,0.3,194.9,511.0,MISS TERRY,,WAO2809,60.0
367049010,2020-01-01T00:32:01,29.87845,-89.89948,0.0,193.2,511.0,MISS TERRY,,WAO2809,60.0
367049010,2020-01-01T00:33:11,29.87846,-89.89947,0.0,191.1,511.0,MISS TERRY,,WAO2809,60.0
367049010,2020-01-01T00:35:02,29.87848,-89.89946,0.1,198.0,511.0,MISS TERRY,,WAO2809,60.0
367049010,2020-01-01T00:37:02,29.87849,-89.89943,0.0,197.8,511.0,MISS TERRY,,WAO2809,60.0
367049010,2020-01-01T00:38:51,29.8785,-89.89946,0.0,197.7,511.0,MISS TERRY,,WAO2809,60.0
367049010,2020-01-01T00:41:12,29.87848,-89.89946,0.0,199.0,511.0,MISS TERRY,,WAO2809,60.0
367049010,2020-01-01T00:42:42,29.87849,-89.89945,0.1,212.6,511.0,MISS TERRY,,WAO2809,60.0
367049010,2020-01-01T00:44:41,29.87846,-89.89947,0.0,209.1,511.0,MISS TERRY,,WAO2809,60.0
367049010,2020-01-01T00:47:41,29.87847,-89.89946,0.2,216.9,511.0,MISS TERRY,,WAO2809,60.0
367049010,2020-01-01T00:49:42,29.87847,-89.89947,0.0,218.7,511.0,MISS TERRY,,WAO2809,60.0
367049010,2020-01-01T00:50:52,29.87845,-89.8994,0.0,219.5,511.0,MISS TERRY,,WAO2809,60.0
367049010,2020-01-01T00:52:42,29.87851,-89.89938,0.1,228.3,511.0,MISS TERRY,,WAO2809,60.0
367049010,2020-01-01T00:54:42,29.87845,-89.89942,0.2,192.5,511.0,MISS TERRY,,WAO2809,60.0
367049010,2020-01-01T00:57:11,29.87846,-89.89942,0.1,203.7,511.0,MISS TERRY,,WAO2809,60.0
367049010,2020-01-01T00:59:11,29.87844,-89.89943,0.0,200.5,511.0,MISS TERRY,,WAO2809,60.0
367049010,2020-01-01T01:00:11,29.87847,-89.89944,0.0,203.4,511.0,MISS TERRY,,WAO2809,60.0
367049010,2020-01-01T01:01:21,29.87847,-89.89946,0.0,212.5,511.0,MISS TERRY,,WAO2809,60.0
367049010,2020-01-01T01:02:31,29.87847,-89.89947,0.0,223.3,511.0,MISS TERRY,,WAO2809,60.0
367049010,2020-01-01T01:03:41,29.87845,-89.89944,0.1,214.3,511.0,MISS TERRY,,WAO2809,60.0
367049010,2020-01-01T01:04:52,29.87846,-89.89943,0.0,215.6,511.0,MISS TERRY,,WAO2809,60.0
367049010,2020-01-01T01:06:02,29.87847,-89.89945,0.1,225.2,511.0,MISS TERRY,,WAO2809,60.0
367049010,2020-01-01T01:07:03,29.87847,-89.89947,0.2,211.5,511.0,MISS TERRY,,WAO2809,60.0
367049010,2020-01-01T01:08:12,29.87847,-89.89945,0.1,189.9,511.0,MISS TERRY,,WAO2809,60.0
367049010,2020-01-01T01:09:22,29.87846,-89.89946,0.0,191.0,511.0,MISS TERRY,,WAO2809,60.0
367049010,2020-01-01T01:10:32,29.87847,-89.89947,0.1,197.1,511.0,MISS TERRY,,WAO2809,60.0
367049010,2020-01-01T01:11:42,29.87848,-89.89946,0.0,201.2,511.0,MISS TERRY,,WAO2809,60.0
367049010,2020-01-01T01:12:52,29.87848,-89.89947,0.1,227.7,511.0,MISS TERRY,,WAO2809,60.0
367049010,2020-01-01T01:14:42,29.87845,-89.89946,0.0,229.7,511.0,MISS TERRY,,WAO2809,60.0
367049010,2020-01-01T01:15:52,29.87847,-89.89946,0.0,237.0,511.0,MISS TERRY,,WAO2809,60.0
367049010,2020-01-01T01:17:52,29.87689,-89.90238,21.2,235.0,511.0,MISS TERRY,,WAO2809,60.0
367049010,2020-01-01T01:19:08,29.87193,-89.90893,22.1,224.8,511.0,MISS TERRY,,WAO2809,60.0
367049010,2020-01-01T01:20:14,29.86781,-89.9148,21.5,251.3,511.0,MISS TERRY,,WAO2809,60.0
367049010,2020-01-01T01:22:08,29.86877,-89.92718,19.7,276.7,511.0,MISS TERRY,,WAO2809,60.0
367049010,2020-01-01T01:23:43,29.8726,-89.93715,21.8,300.1,511.0,MISS TERRY,,WAO2809,60.0
367049010,2020-01-01T01:24:50,29.87595,-89.94382,22.0,295.2,511.0,MISS TERRY,,WAO2809,60.0
367049010,2020-01-01T01:27:07,29.88296,-89.95714,7.9,329.1,511.0,MISS TERRY,,WAO2809,60.0
367049010,2020-01-01T01:29:43,29.88319,-89.95653,0.0,218.9,511.0,MISS TERRY,,WAO2809,60.0
367049010,2020-01-01T01:31:58,29.8832,-89.9566,1.8,271.8,511.0,MISS TERRY,,WAO2809,60.0
367049010,2020-01-01T01:32:59,29.88166,-89.95517,17.8,119.2,511.0,MISS TERRY,,WAO2809,60.0
367049010,2020-01-01T01:34:11,29.87883,-89.94927,17.9,117.6,511.0,MISS TERRY,,WAO2809,60.0
367049010,2020-01-01T01:35:18,29.87591,-89.94386,17.8,122.2,511.0,MISS TERRY,,WAO2809,60.0
367049010,2020-01-01T01:36:41,29.87262,-89.93689,18.1,118.9,511.0,MISS TERRY,,WAO2809,60.0
367049010,2020-01-01T01:38:11,29.86909,-89.92918,18.5,113.8,511.0,MISS TERRY,,WAO2809,60.0
367049010,2020-01-01T01:39:18,29.86752,-89.92261,19.3,98.3,511.0,MISS TERRY,,WAO2809,60.0
367049010,2020-01-01T01:40:54,29.86865,-89.91342,18.7,63.1,511.0,MISS TERRY,,WAO2809,60.0
367049010,2020-01-01T01:42:18,29.87315,-89.90726,17.7,46.6,511.0,MISS TERRY,,WAO2809,60.0
367049010,2020-01-01T01:44:59,29.87847,-89.89945,0.1,300.3,511.0,MISS TERRY,,WAO2809,60.0
367049010,2020-01-01T01:47:54,29.87029,-89.90981,22.1,237.9,511.0,MISS TERRY,,WAO2809,60.0
367049010,2020-01-01T01:49:36,29.86765,-89.9209,21.7,272.9,511.0,MISS TERRY,,WAO2809,60.0
367049010,2020-01-01T01:51:36,29.87101,-89.93357,21.7,295.4,511.0,MISS TERRY,,WAO2809,60.0
367049010,2020-01-01T01:52:48,29.87444,-89.94099,22.0,299.8,511.0,MISS TERRY,,WAO2809,60.0
367049010,2020-01-01T01:54:18,29.87864,-89.95042,22.1,299.7,511.0,MISS TERRY,,WAO2809,60.0
367049010,2020-01-01T01:56:05,29.88327,-89.95672,0.8,116.0,511.0,MISS TERRY,,WAO2809,60.0
367049010,2020-01-01T01:59:45,29.88336,-89.95663,1.3,289.9,511.0,MISS TERRY,,WAO2809,60.0
367049010,2020-01-01T02:00:05,29.8834,-89.95675,1.1,286.1,511.0,MISS TERRY,,WAO2809,60.0
367049010,2020-01-01T02:01:16,29.88318,-89.95666,1.6,120.0,511.0,MISS TERRY,,WAO2809,60.0
367049010,2020-01-01T02:02:26,29.88315,-89.95656,0.1,157.7,511.0,MISS TERRY,,WAO2809,60.0
367049010,2020-01-01T02:03:27,29.88194,-89.95584,17.4,122.7,511.0,MISS TERRY,,WAO2809,60.0
367049010,2020-01-01T02:04:33,29.87925,-89.95033,17.6,121.1,511.0,MISS TERRY,,WAO2809,60.0
367049010,2020-01-01T02:05:39,29.87653,-89.94496,17.8,118.6,511.0,MISS TERRY,,WAO2809,60.0
367049010,2020-01-01T02:06:58,29.87355,-89.93839,18.0,117.5,511.0,MISS TERRY,,WAO2809,60.0
367049010,2020-01-01T02:08:04,29.87098,-89.93276,18.1,113.5,511.0,MISS TERRY,,WAO2809,60.0
367049010,2020-01-01T02:09:10,29.86858,-89.92681,19.1,115.7,511.0,MISS TERRY,,WAO2809,60.0
367049010,2020-01-01T02:10:16,29.86717,-89.92036,18.3,98.3,511.0,MISS TERRY,,WAO2809,60.0
367049010,2020-01-01T02:11:22,29.86792,-89.9141,18.2,65.9,511.0,MISS TERRY,,WAO2809,60.0
367049010,2020-01-01T02:12:27,29.871,-89.90901,17.6,44.4,511.0,MISS TERRY,,WAO2809,60.0
367049010,2020-01-01T02:14:16,29.87676,-89.90108,17.8,38.7,511.0,MISS TERRY,,WAO2809,60.0
367049010,2020-01-01T02:15:27,29.87867,-89.89945,0.0,270.3,511.0,MISS TERRY,,WAO2809,60.0
367049010,2020-01-01T02:16:33,29.87865,-89.89944,0.0,253.6,511.0,MISS TERRY,,WAO2809,60.0
367049010,2020-01-01T02:18:16,29.87864,-89.89944,0.0,247.8,511.0,MISS TERRY,,WAO2809,60.0
367049010,2020-01-01T02:19:19,29.87866,-89.89944,0.0,238.6,511.0,MISS TERRY,,WAO2809,60.0
367049010,2020-01-01T02:20:29,29.87867,-89.89944,0.0,239.1,511.0,MISS TERRY,,WAO2809,60.0
367049010,2020-01-01T02:21:39,29.87869,-89.89942,0.1,226.5,511.0,MISS TERRY,,WAO2809,60.0
367049010,2020-01-01T02:22:50,29.87867,-89.89946,0.2,223.9,511.0,MISS TERRY,,WAO2809,60.0
367049010,2020-01-01T02:23:52,29.87838,-89.90123,21.3,210.9,511.0,MISS TERRY,,WAO2809,60.0
367049010,2020-01-01T02:24:58,29.87301,-89.90588,22.1,223.4,511.0,MISS TERRY,,WAO2809,60.0
367049010,2020-01-01T02:26:03,29.86853,-89.91159,21.7,244.0,511.0,MISS TERRY,,WAO2809,60.0
367049010,2020-01-01T02:27:39,29.86719,-89.92234,21.6,281.7,511.0,MISS TERRY,,WAO2809,60.0
367049010,2020-01-01T02:29:28,29.87118,-89.93326,21.1,297.2,511.0,MISS TERRY,,WAO2809,60.0
367049010,2020-01-01T02:31:39,29.87753,-89.94657,20.1,300.3,511.0,MISS TERRY,,WAO2809,60.0
367049010,2020-01-01T02:33:03,29.88149,-89.95439,13.4,300.3,511.0,MISS TERRY,,WAO2809,60.0
367049010,2020-01-01T02:35:21,29.88313,-89.95633,0.1,107.0,511.0,MISS TERRY,,WAO2809,60.0
367049010,2020-01-01T02:36:28,29.8832,-89.95641,0.0,10.5,511.0,MISS TERRY,,WAO2809,60.0
367049010,2020-01-01T02:37:29,29.88324,-89.95639,0.1,9.6,511.0,MISS TERRY,,WAO2809,60.0
367049010,2020-01-01T02:39:39,29.88321,-89.95639,0.0,331.6,511.0,MISS TERRY,,WAO2809,60.0
367049010,2020-01-01T02:40:40,29.88318,-89.9564,0.1,304.3,511.0,MISS TERRY,,WAO2809,60.0
367049010,2020-01-01T02:41:50,29.88317,-89.95639,0.0,275.4,511.0,MISS TERRY,,WAO2809,60.0
367049010,2020-01-01T02:43:59,29.88296,-89.95496,16.8,112.2,511.0,MISS TERRY,,WAO2809,60.0
367049010,2020-01-01T02:45:48,29.87557,-89.95072,16.7,128.6,511.0,MISS TERRY,,WAO2809,60.0
367049010,2020-01-01T02:46:54,29.87368,-89.94525,17.0,101.8,511.0,MISS TERRY,,WAO2809,60.0
367049010,2020-01-01T02:48:06,29.87168,-89.9391,17.4,107.6,511.0,MISS TERRY,,WAO2809,60.0
367049010,2020-01-01T02:49:17,29.86959,-89.93301,17.7,112.6,511.0,MISS TERRY,,WAO2809,60.0
367049010,2020-01-01T02:50:42,29.86746,-89.92536,18.0,100.9,511.0,MISS TERRY,,WAO2809,60.0
367049010,2020-01-01T02:52:11,29.86694,-89.91694,17.8,82.0,511.0,MISS TERRY,,WAO2809,60.0
367049010,2020-01-01T02:53:36,29.87036,-89.91,17.6,54.4,511.0,MISS TERRY,,WAO2809,60.0
367049010,2020-01-01T02:54:59,29.87444,-89.90383,17.6,49.0,511.0,MISS TERRY,,WAO2809,60.0
367049010,2020-01-01T02:57:18,29.87846,-89.89946,0.0,146.9,511.0,MISS TERRY,,WAO2809,60.0
367049010,2020-01-01T02:58:35,29.87846,-89.89946,0.0,153.0,511.0,MISS TERRY,,WAO2809,60.0
367049010,2020-01-01T02:59:59,29.87845,-89.89945,0.0,165.0,511.0,MISS TERRY,,WAO2809,60.0
367049010,2020-01-01T02:59:59,29.87845,-89.89945,0.0,165.0,511.0,MISS TERRY,,WAO2809,60.0
367049010,2020-01-01T03:01:12,29.87845,-89.89945,0.0,175.9,511.0,MISS TERRY,,WAO2809,60.0
367049010,2020-01-01T03:02:21,29.87844,-89.89943,0.0,191.3,511.0,MISS TERRY,,WAO2809,60.0
367049010,2020-01-01T03:03:31,29.87846,-89.89946,0.1,198.7,511.0,MISS TERRY,,WAO2809,60.0
367049010,2020-01-01T03:04:41,29.87848,-89.89947,0.0,200.2,511.0,MISS TERRY,,WAO2809,60.0
367049010,2020-01-01T03:05:51,29.87845,-89.89945,0.0,187.7,511.0,MISS TERRY,,WAO2809,60.0
367049010,2020-01-01T03:07:01,29.87846,-89.89945,0.0,207.7,511.0,MISS TERRY,,WAO2809,60.0
367049010,2020-01-01T03:08:12,29.87845,-89.89944,0.1,198.2,511.0,MISS TERRY,,WAO2809,60.0
367049010,2020-01-01T03:09:51,29.87846,-89.89945,0.1,196.8,511.0,MISS TERRY,,WAO2809,60.0
367049010,2020-01-01T03:11:11,29.87845,-89.89945,0.1,198.1,511.0,MISS TERRY,,WAO2809,60.0
367049010,2020-01-01T03:12:51,29.87846,-89.89945,0.1,192.9,511.0,MISS TERRY,,WAO2809,60.0
367049010,2020-01-01T03:14:02,29.87846,-89.89946,0.0,196.4,511.0,MISS TERRY,,WAO2809,60.0
367049010,2020-01-01T03:15:11,29.87849,-89.89946,0.1,192.6,511.0,MISS TERRY,,WAO2809,60.0
367049010,2020-01-01T03:16:22,29.87848,-89.89946,0.0,188.9,511.0,MISS TERRY,,WAO2809,60.0
367049010,2020-01-01T03:17:32,29.87846,-89.89945,0.1,188.6,511.0,MISS TERRY,,WAO2809,60.0
367049010,2020-01-01T03:18:41,29.87847,-89.89946,0.1,191.9,511.0,MISS TERRY,,WAO2809,60.0
367049010,2020-01-01T03:19:52,29.87847,-89.89946,0.1,190.1,511.0,MISS TERRY,,WAO2809,60.0
367049010,2020-01-01T03:21:22,29.87848,-89.89945,0.0,186.5,511.0,MISS TERRY,,WAO2809,60.0
367049010,2020-01-01T03:22:31,29.87848,-89.89945,0.1,193.3,511.0,MISS TERRY,,WAO2809,60.0
367049010,2020-01-01T03:23:52,29.87847,-89.89945,0.1,193.5,511.0,MISS TERRY,,WAO2809,60.0
367049010,2020-01-01T03:25:02,29.87846,-89.89945,0.0,205.0,511.0,MISS TERRY,,WAO2809,60.0
367049010,2020-01-01T03:26:12,29.87845,-89.89946,0.1,199.7,511.0,MISS TERRY,,WAO2809,60.0
367049010,2020-01-01T03:27:21,29.87844,-89.89945,0.0,198.3,511.0,MISS TERRY,,WAO2809,60.0
367049010,2020-01-01T03:28:32,29.87844,-89.89946,0.0,202.7,511.0,MISS TERRY,,WAO2809,60.0
367049010,2020-01-01T03:30:32,29.87845,-89.89946,0.0,211.2,511.0,MISS TERRY,,WAO2809,60.0
367049010,2020-01-01T03:31:52,29.87846,-89.89946,0.0,203.1,511.0,MISS TERRY,,WAO2809,60.0
367049010,2020-01-01T03:33:01,29.87846,-89.89945,0.0,212.7,511.0,MISS TERRY,,WAO2809,60.0
367049010,2020-01-01T03:34:11,29.87846,-89.89945,0.1,215.9,511.0,MISS TERRY,,WAO2809,60.0
367049010,2020-01-01T03:35:22,29.87846,-89.89946,0.1,202.1,511.0,MISS TERRY,,WAO2809,60.0
367049010,2020-01-01T03:36:31,29.87845,-89.89944,0.1,185.9,511.0,MISS TERRY,,WAO2809,60.0
367049010,2020-01-01T03:37:42,29.87845,-89.89946,0.0,194.4,511.0,MISS TERRY,,WAO2809,60.0
367049010,2020-01-01T03:40:11,29.87842,-89.89943,0.0,189.9,511.0,MISS TERRY,,WAO2809,60.0
367049010,2020-01-01T03:41:12,29.87845,-89.89945,0.1,196.7,511.0,MISS TERRY,,WAO2809,60.0
367049010,2020-01-01T03:44:02,29.87847,-89.89948,0.0,182.9,511.0,MISS TERRY,,WAO2809,60.0
367049010,2020-01-01T03:46:02,29.87848,-89.89943,0.0,182.9,511.0,MISS TERRY,,WAO2809,60.0
367049010,2020-01-01T03:49:02,29.87847,-89.89944,0.1,198.7,511.0,MISS TERRY,,WAO2809,60.0
367049010,2020-01-01T03:50:12,29.87845,-89.89943,0.0,200.6,511.0,MISS TERRY,,WAO2809,60.0
367049010,2020-01-01T03:51:22,29.87847,-89.89946,0.0,213.4,511.0,MISS TERRY,,WAO2809,60.0
367049010,2020-01-01T03:54:51,29.87845,-89.89945,0.0,211.2,511.0,MISS TERRY,,WAO2809,60.0
367049010,2020-01-01T03:57:11,29.87847,-89.89946,0.1,224.2,511.0,MISS TERRY,,WAO2809,60.0
367049010,2020-01-01T03:59:42,29.87844,-89.89945,0.1,221.8,511.0,MISS TERRY,,WAO2809,60.0
367049010,2020-01-01T04:00:11,29.87845,-89.89943,0.0,225.4,511.0,MISS TERRY,,WAO2809,60.0
367049010,2020-01-01T04:01:12,29.87845,-89.89944,0.6,210.9,511.0,MISS TERRY,,WAO2809,60.0
367049010,2020-01-01T04:02:21,29.87845,-89.89942,0.0,193.2,511.0,MISS TERRY,,WAO2809,60.0
367049010,2020-01-01T04:03:32,29.87843,-89.89938,0.1,187.8,511.0,MISS TERRY,,WAO2809,60.0
367049010,2020-01-01T04:04:51,29.87845,-89.89946,0.1,182.2,511.0,MISS TERRY,,WAO2809,60.0
367049010,2020-01-01T04:06:01,29.87846,-89.89945,0.1,196.3,511.0,MISS TERRY,,WAO2809,60.0
367049010,2020-01-01T04:07:12,29.87848,-89.89946,0.1,206.7,511.0,MISS TERRY,,WAO2809,60.0
367049010,2020-01-01T04:08:42,29.87847,-89.89945,0.0,229.8,511.0,MISS TERRY,,WAO2809,60.0
367049010,2020-01-01T04:09:53,29.87844,-89.89939,0.1,233.9,511.0,MISS TERRY,,WAO2809,60.0
367049010,2020-01-01T04:11:01,29.87848,-89.89947,0.0,243.1,511.0,MISS TERRY,,WAO2809,60.0
367049010,2020-01-01T04:12:12,29.87847,-89.89947,0.1,210.9,511.0,MISS TERRY,,WAO2809,60.0
367049010,2020-01-01T04:13:42,29.87848,-89.89946,0.0,201.3,511.0,MISS TERRY,,WAO2809,60.0
367049010,2020-01-01T04:14:53,29.87846,-89.89943,0.1,227.0,511.0,MISS TERRY,,WAO2809,60.0
367049010,2020-01-01T04:16:01,29.87845,-89.89941,0.0,245.3,511.0,MISS TERRY,,WAO2809,60.0
367049010,2020-01-01T04:17:13,29.87847,-89.89945,0.1,255.2,511.0,MISS TERRY,,WAO2809,60.0
367049010,2020-01-01T04:18:22,29.87847,-89.89944,0.0,262.2,511.0,MISS TERRY,,WAO2809,60.0
367049010,2020-01-01T04:19:24,29.87694,-89.90196,21.4,217.0,511.0,MISS TERRY,,WAO2809,60.0
367049010,2020-01-01T04:20:47,29.87132,-89.909,21.9,229.3,511.0,MISS TERRY,,WAO2809,60.0
367049010,2020-01-01T04:21:54,29.86793,-89.91549,21.3,252.2,511.0,MISS TERRY,,WAO2809,60.0
367049010,2020-01-01T04:22:59,29.86781,-89.92283,20.7,279.3,511.0,MISS TERRY,,WAO2809,60.0
367049010,2020-01-01T04:25:05,29.87233,-89.93553,21.4,293.2,511.0,MISS TERRY,,WAO2809,60.0
367049010,2020-01-01T04:26:42,29.87675,-89.94534,21.8,298.0,511.0,MISS TERRY,,WAO2809,60.0
367049010,2020-01-01T04:28:05,29.88084,-89.95394,21.8,304.0,511.0,MISS TERRY,,WAO2809,60.0
367049010,2020-01-01T04:29:42,29.88314,-89.95647,0.3,114.1,511.0,MISS TERRY,,WAO2809,60.0
367049010,2020-01-01T04:30:48,29.88308,-89.95637,0.8,91.3,511.0,MISS TERRY,,WAO2809,60.0
367049010,2020-01-01T04:32:23,29.88325,-89.9565,0.9,272.1,511.0,MISS TERRY,,WAO2809,60.0
367049010,2020-01-01T04:34:47,29.8831,-89.95646,0.1,106.4,511.0,MISS TERRY,,WAO2809,60.0
367049010,2020-01-01T04:36:28,29.88313,-89.95635,0.2,130.4,511.0,MISS TERRY,,WAO2809,60.0
367049010,2020-01-01T04:38:31,29.88118,-89.95395,17.4,117.3,511.0,MISS TERRY,,WAO2809,60.0
367049010,2020-01-01T04:40:08,29.87736,-89.94612,17.3,120.4,511.0,MISS TERRY,,WAO2809,60.0
367049010,2020-01-01T04:42:31,29.87174,-89.93436,17.9,116.6,511.0,MISS TERRY,,WAO2809,60.0
367049010,2020-01-01T04:43:43,29.8693,-89.92798,19.1,112.1,511.0,MISS TERRY,,WAO2809,60.0
367049010,2020-01-01T04:45:43,29.86765,-89.91639,18.1,77.6,511.0,MISS TERRY,,WAO2809,60.0
367049010,2020-01-01T04:46:49,29.87015,-89.91067,17.7,50.6,511.0,MISS TERRY,,WAO2809,60.0
367049010,2020-01-01T04:48:01,29.87393,-89.90572,17.6,55.0,511.0,MISS TERRY,,WAO2809,60.0
367049010,2020-01-01T04:49:26,29.87816,-89.89974,8.2,39.5,511.0,MISS TERRY,,WAO2809,60.0
367049010,2020-01-01T04:51:07,29.87847,-89.89943,0.2,140.4,511.0,MISS TERRY,,WAO2809,60.0
367049010,2020-01-01T04:52:19,29.87845,-89.89943,0.0,156.8,511.0,MISS TERRY,,WAO2809,60.0
367049010,2020-01-01T04:55:11,29.87844,-89.89943,0.0,196.1,511.0,MISS TERRY,,WAO2809,60.0
367049010,2020-01-01T04:57:52,29.87845,-89.89945,0.3,189.3,511.0,MISS TERRY,,WAO2809,60.0
367049010,2020-01-01T04:59:02,29.87844,-89.89945,0.1,190.5,511.0,MISS TERRY,,WAO2809,60.0
367049010,2020-01-01T05:00:12,29.87845,-89.89943,0.2,181.7,511.0,MISS TERRY,,WAO2809,60.0
367049010,2020-01-01T05:01:13,29.87846,-89.89943,0.1,180.6,511.0,MISS TERRY,,WAO2809,60.0
367049010,2020-01-01T05:02:51,29.87846,-89.89944,0.3,172.6,511.0,MISS TERRY,,WAO2809,60.0
367049010,2020-01-01T05:04:51,29.87845,-89.89944,0.0,201.9,511.0,MISS TERRY,,WAO2809,60.0
367049010,2020-01-01T05:06:11,29.87845,-89.89942,0.0,228.8,511.0,MISS TERRY,,WAO2809,60.0
367049010,2020-01-01T05:07:22,29.87846,-89.89944,0.1,217.0,511.0,MISS TERRY,,WAO2809,60.0
367049010,2020-01-01T05:08:32,29.87844,-89.89943,0.0,223.4,511.0,MISS TERRY,,WAO2809,60.0
367049010,2020-01-01T05:10:01,29.87846,-89.89942,0.0,251.6,511.0,MISS TERRY,,WAO2809,60.0
367049010,2020-01-01T05:11:12,29.87845,-89.89943,0.2,288.3,511.0,MISS TERRY,,WAO2809,60.0
367049010,2020-01-01T05:12:13,29.87846,-89.89941,0.0,305.1,511.0,MISS TERRY,,WAO2809,60.0
367049010,2020-01-01T05:14:12,29.87847,-89.89942,0.0,321.1,511.0,MISS TERRY,,WAO2809,60.0
367049010,2020-01-01T05:15:42,29.87846,-89.89943,0.1,321.2,511.0,MISS TERRY,,WAO2809,60.0
367049010,2020-01-01T05:16:52,29.87846,-89.89938,0.0,324.1,511.0,MISS TERRY,,WAO2809,60.0
367049010,2020-01-01T05:18:12,29.87845,-89.89943,0.1,326.8,511.0,MISS TERRY,,WAO2809,60.0
367049010,2020-01-01T05:19:22,29.87845,-89.89944,0.0,328.9,511.0,MISS TERRY,,WAO2809,60.0
367049010,2020-01-01T05:21:02,29.87845,-89.89946,0.1,326.2,511.0,MISS TERRY,,WAO2809,60.0
367049010,2020-01-01T05:22:12,29.87847,-89.89944,0.0,326.5,511.0,MISS TERRY,,WAO2809,60.0
367049010,2020-01-01T05:23:22,29.87842,-89.89945,0.1,329.4,511.0,MISS TERRY,,WAO2809,60.0
367049010,2020-01-01T05:24:32,29.87844,-89.89945,0.0,328.2,511.0,MISS TERRY,,WAO2809,60.0
367049010,2020-01-01T05:26:12,29.8784,-89.89941,0.1,326.7,511.0,MISS TERRY,,WAO2809,60.0
367049010,2020-01-01T05:27:41,29.8784,-89.89937,0.0,326.6,511.0,MISS TERRY,,WAO2809,60.0
367049010,2020-01-01T05:29:22,29.87844,-89.89942,0.1,325.2,511.0,MISS TERRY,,WAO2809,60.0
367049010,2020-01-01T05:30:41,29.87839,-89.89939,0.0,327.4,511.0,MISS TERRY,,WAO2809,60.0
367049010,2020-01-01T05:33:11,29.87844,-89.89942,0.1,330.6,511.0,MISS TERRY,,WAO2809,60.0
367049010,2020-01-01T05:34:23,29.87842,-89.89943,0.0,327.4,511.0,MISS TERRY,,WAO2809,60.0
367049010,2020-01-01T05:35:31,29.87846,-89.89944,0.0,333.9,511.0,MISS TERRY,,WAO2809,60.0
367049010,2020-01-01T05:36:32,29.87847,-89.89945,0.0,330.4,511.0,MISS TERRY,,WAO2809,60.0
367049010,2020-01-01T05:38:41,29.87848,-89.89943,0.0,318.9,511.0,MISS TERRY,,WAO2809,60.0
367049010,2020-01-01T05:40:41,29.87846,-89.89943,0.1,312.6,511.0,MISS TERRY,,WAO2809,60.0
367049010,2020-01-01T05:42:31,29.87847,-89.89944,0.0,306.2,511.0,MISS TERRY,,WAO2809,60.0
367049010,2020-01-01T05:43:41,29.87847,-89.89947,0.0,307.7,511.0,MISS TERRY,,WAO2809,60.0
367049010,2020-01-01T05:45:12,29.87849,-89.89944,0.0,320.1,511.0,MISS TERRY,,WAO2809,60.0
367049010,2020-01-01T05:46:22,29.87848,-89.89944,0.0,310.3,511.0,MISS TERRY,,WAO2809,60.0
367049010,2020-01-01T05:48:02,29.87848,-89.89945,0.0,311.9,511.0,MISS TERRY,,WAO2809,60.0
367049010,2020-01-01T05:49:41,29.87846,-89.89947,0.0,306.2,511.0,MISS TERRY,,WAO2809,60.0
367049010,2020-01-01T05:53:02,29.87846,-89.89944,0.0,308.2,511.0,MISS TERRY,,WAO2809,60.0
367049010,2020-01-01T05:55:21,29.87848,-89.89944,0.0,310.4,511.0,MISS TERRY,,WAO2809,60.0
367049010,2020-01-01T05:57:21,29.87849,-89.89943,0.0,309.0,511.0,MISS TERRY,,WAO2809,60.0
367049010,2020-01-01T05:58:31,29.87846,-89.89945,0.0,306.9,511.0,MISS TERRY,,WAO2809,60.0
367049010,2020-01-01T05:59:41,29.87849,-89.89944,0.0,304.6,511.0,MISS TERRY,,WAO2809,60.0
367049010,2020-01-01T06:00:12,29.87848,-89.89943,0.0,302.3,511.0,MISS TERRY,,WAO2809,60.0
367049010,2020-01-01T06:01:22,29.87847,-89.89946,0.0,299.5,511.0,MISS TERRY,,WAO2809,60.0
367049010,2020-01-01T06:02:32,29.87849,-89.89945,0.0,289.3,511.0,MISS TERRY,,WAO2809,60.0
367049010,2020-01-01T06:03:42,29.87847,-89.89946,0.0,286.7,511.0,MISS TERRY,,WAO2809,60.0
367049010,2020-01-01T06:04:51,29.87846,-89.89944,0.0,282.5,511.0,MISS TERRY,,WAO2809,60.0
367049010,2020-01-01T06:06:02,29.87848,-89.89945,0.0,283.5,511.0,MISS TERRY,,WAO2809,60.0
367049010,2020-01-01T06:07:11,29.87848,-89.89945,0.0,277.8,511.0,MISS TERRY,,WAO2809,60.0
367049010,2020-01-01T06:08:22,29.87847,-89.89949,0.0,274.1,511.0,MISS TERRY,,WAO2809,60.0
367049010,2020-01-01T06:09:32,29.87845,-89.89948,0.0,255.1,511.0,MISS TERRY,,WAO2809,60.0
367049010,2020-01-01T06:11:11,29.87848,-89.89945,0.0,238.7,511.0,MISS TERRY,,WAO2809,60.0
367049010,2020-01-01T06:12:22,29.87845,-89.89944,0.0,246.6,511.0,MISS TERRY,,WAO2809,60.0
367049010,2020-01-01T06:14:22,29.87845,-89.89946,0.0,230.9,511.0,MISS TERRY,,WAO2809,60.0
367049010,2020-01-01T06:16:22,29.87846,-89.89947,0.0,231.3,511.0,MISS TERRY,,WAO2809,60.0
367049010,2020-01-01T06:17:31,29.87845,-89.89947,0.0,224.1,511.0,MISS TERRY,,WAO2809,60.0
367049010,2020-01-01T06:19:31,29.87846,-89.89947,0.0,232.9,511.0,MISS TERRY,,WAO2809,60.0
367049010,2020-01-01T06:22:02,29.87844,-89.89945,0.0,221.5,511.0,MISS TERRY,,WAO2809,60.0
367049010,2020-01-01T06:23:03,29.87847,-89.89945,0.0,232.5,511.0,MISS TERRY,,WAO2809,60.0
367049010,2020-01-01T06:25:22,29.87851,-89.89946,0.0,226.5,511.0,MISS TERRY,,WAO2809,60.0
367049010,2020-01-01T06:26:42,29.87848,-89.89944,0.0,227.9,511.0,MISS TERRY,,WAO2809,60.0
367049010,2020-01-01T06:27:43,29.87847,-89.89944,0.0,233.8,511.0,MISS TERRY,,WAO2809,60.0
367049010,2020-01-01T06:28:51,29.87847,-89.89945,0.0,234.1,511.0,MISS TERRY,,WAO2809,60.0
367049010,2020-01-01T06:30:41,29.87848,-89.89944,0.0,239.0,511.0,MISS TERRY,,WAO2809,60.0
367049010,2020-01-01T06:31:51,29.87849,-89.89941,0.0,239.5,511.0,MISS TERRY,,WAO2809,60.0
367049010,2020-01-01T06:33:12,29.8785,-89.89946,0.0,241.9,511.0,MISS TERRY,,WAO2809,60.0
367049010,2020-01-01T06:35:01,29.8785,-89.89944,0.0,238.1,511.0,MISS TERRY,,WAO2809,60.0
367049010,2020-01-01T06:37:01,29.87848,-89.89944,0.2,216.6,511.0,MISS TERRY,,WAO2809,60.0
367049010,2020-01-01T06:38:31,29.87848,-89.89945,0.1,188.9,511.0,MISS TERRY,,WAO2809,60.0
367049010,2020-01-01T06:40:01,29.87847,-89.89944,0.1,195.8,511.0,MISS TERRY,,WAO2809,60.0
367049010,2020-01-01T06:41:11,29.87846,-89.89945,0.1,198.0,511.0,MISS TERRY,,WAO2809,60.0
367049010,2020-01-01T06:42:22,29.87845,-89.89946,0.0,190.9,511.0,MISS TERRY,,WAO2809,60.0
367049010,2020-01-01T06:45:41,29.87847,-89.89947,0.0,190.7,511.0,MISS TERRY,,WAO2809,60.0
367049010,2020-01-01T06:47:41,29.87846,-89.89946,0.1,192.4,511.0,MISS TERRY,,WAO2809,60.0
367049010,2020-01-01T06:49:11,29.87848,-89.89945,0.0,199.8,511.0,MISS TERRY,,WAO2809,60.0
367049010,2020-01-01T06:50:23,29.87849,-89.89946,0.0,203.0,511.0,MISS TERRY,,WAO2809,60.0
367049010,2020-01-01T06:53:52,29.87846,-89.89946,0.0,208.6,511.0,MISS TERRY,,WAO2809,60.0
367049010,2020-01-01T06:55:52,29.87849,-89.89945,0.1,215.1,511.0,MISS TERRY,,WAO2809,60.0
367049010,2020-01-01T06:58:02,29.8785,-89.89943,0.0,201.9,511.0,MISS TERRY,,WAO2809,60.0
367049010,2020-01-01T06:59:23,29.87845,-89.89943,0.0,218.1,511.0,MISS TERRY,,WAO2809,60.0
367049010,2020-01-01T07:00:21,29.8784,-89.89945,0.1,218.2,511.0,MISS TERRY,,WAO2809,60.0
367049010,2020-01-01T07:01:32,29.87843,-89.89945,0.0,243.5,511.0,MISS TERRY,,WAO2809,60.0
367049010,2020-01-01T07:02:42,29.87843,-89.89945,0.0,238.2,511.0,MISS TERRY,,WAO2809,60.0
367049010,2020-01-01T07:04:03,29.8784,-89.89945,0.1,227.0,511.0,MISS TERRY,,WAO2809,60.0
367049010,2020-01-01T07:05:12,29.87843,-89.89946,0.0,227.7,511.0,MISS TERRY,,WAO2809,60.0
367049010,2020-01-01T07:06:21,29.87846,-89.89945,0.1,234.9,511.0,MISS TERRY,,WAO2809,60.0
367049010,2020-01-01T07:07:51,29.87843,-89.89941,0.0,233.5,511.0,MISS TERRY,,WAO2809,60.0
367049010,2020-01-01T07:09:01,29.87846,-89.89941,0.1,232.0,511.0,MISS TERRY,,WAO2809,60.0
367049010,2020-01-01T07:10:12,29.87844,-89.89945,0.1,216.8,511.0,MISS TERRY,,WAO2809,60.0
367049010,2020-01-01T07:11:22,29.87845,-89.89941,0.0,213.8,511.0,MISS TERRY,,WAO2809,60.0
367049010,2020-01-01T07:12:32,29.87847,-89.89941,0.1,206.7,511.0,MISS TERRY,,WAO2809,60.0
367049010,2020-01-01T07:13:41,29.87843,-89.89943,0.1,197.3,511.0,MISS TERRY,,WAO2809,60.0
367049010,2020-01-01T07:14:52,29.87846,-89.8994,0.0,185.2,511.0,MISS TERRY,,WAO2809,60.0
367049010,2020-01-01T07:16:02,29.87848,-89.89942,0.3,181.0,511.0,MISS TERRY,,WAO2809,60.0
367049010,2020-01-01T07:17:12,29.87848,-89.89943,0.1,184.0,511.0,MISS TERRY,,WAO2809,60.0
367049010,2020-01-01T07:18:31,29.87845,-89.89941,0.0,180.0,511.0,MISS TERRY,,WAO2809,60.0
367049010,2020-01-01T07:19:51,29.87844,-89.8994,0.1,190.5,511.0,MISS TERRY,,WAO2809,60.0
367049010,2020-01-01T07:21:11,29.87848,-89.89943,0.1,183.9,511.0,MISS TERRY,,WAO2809,60.0
367049010,2020-01-01T07:22:31,29.87846,-89.89941,0.1,188.9,511.0,MISS TERRY,,WAO2809,60.0
367049010,2020-01-01T07:23:51,29.87846,-89.89945,0.1,184.3,511.0,MISS TERRY,,WAO2809,60.0
367049010,2020-01-01T07:24:52,29.87847,-89.89945,0.0,186.8,511.0,MISS TERRY,,WAO2809,60.0
367049010,2020-01-01T07:26:01,29.87847,-89.89942,0.1,190.9,511.0,MISS TERRY,,WAO2809,60.0
367049010,2020-01-01T07:27:41,29.87848,-89.89945,0.1,170.2,511.0,MISS TERRY,,WAO2809,60.0
367049010,2020-01-01T07:28:51,29.87848,-89.89945,0.1,176.6,511.0,MISS TERRY,,WAO2809,60.0
367049010,2020-01-01T07:30:01,29.87846,-89.89946,0.1,182.6,511.0,MISS TERRY,,WAO2809,60.0
367049010,2020-01-01T07:32:02,29.87849,-89.89941,0.1,189.2,511.0,MISS TERRY,,WAO2809,60.0
367049010,2020-01-01T07:33:11,29.87848,-89.89944,0.2,182.2,511.0,MISS TERRY,,WAO2809,60.0
367049010,2020-01-01T07:34:21,29.87849,-89.89945,0.0,179.2,511.0,MISS TERRY,,WAO2809,60.0
367049010,2020-01-01T07:35:31,29.8785,-89.89945,0.2,183.9,511.0,MISS TERRY,,WAO2809,60.0
367049010,2020-01-01T07:36:51,29.87849,-89.89945,0.1,185.2,511.0,MISS TERRY,,WAO2809,60.0
367049010,2020-01-01T07:38:11,29.87848,-89.89945,0.1,186.4,511.0,MISS TERRY,,WAO2809,60.0
367049010,2020-01-01T07:39:21,29.87849,-89.89942,0.0,189.2,511.0,MISS TERRY,,WAO2809,60.0
367049010,2020-01-01T07:40:42,29.87849,-89.89943,0.3,172.6,511.0,MISS TERRY,,WAO2809,60.0
367049010,2020-01-01T07:42:52,29.87847,-89.89945,0.2,181.5,511.0,MISS TERRY,,WAO2809,60.0
367049010,2020-01-01T07:44:21,29.87846,-89.89946,0.1,179.8,511.0,MISS TERRY,,WAO2809,60.0
367049010,2020-01-01T07:46:01,29.87847,-89.89945,0.0,193.9,511.0,MISS TERRY,,WAO2809,60.0
367049010,2020-01-01T07:47:21,29.8785,-89.89942,0.1,197.4,511.0,MISS TERRY,,WAO2809,60.0
367049010,2020-01-01T07:49:21,29.87848,-89.89942,0.0,186.6,511.0,MISS TERRY,,WAO2809,60.0
367049010,2020-01-01T07:50:22,29.87849,-89.89942,0.0,202.2,511.0,MISS TERRY,,WAO2809,60.0
367049010,2020-01-01T07:51:42,29.87848,-89.89944,0.1,198.1,511.0,MISS TERRY,,WAO2809,60.0
367049010,2020-01-01T07:52:52,29.87847,-89.89943,0.0,198.1,511.0,MISS TERRY,,WAO2809,60.0
367049010,2020-01-01T07:54:01,29.87848,-89.89944,0.1,197.5,511.0,MISS TERRY,,WAO2809,60.0
367049010,2020-01-01T07:55:12,29.87848,-89.89943,0.1,194.7,511.0,MISS TERRY,,WAO2809,60.0
367049010,2020-01-01T07:58:12,29.87848,-89.89943,0.1,201.8,511.0,MISS TERRY,,WAO2809,60.0
367049010,2020-01-01T07:59:21,29.87848,-89.89942,0.1,202.8,511.0,MISS TERRY,,WAO2809,60.0
367049010,2020-01-01T08:00:12,29.87847,-89.89944,0.0,193.3,511.0,MISS TERRY,,WAO2809,60.0
367049010,2020-01-01T08:01:21,29.87846,-89.89946,0.0,196.4,511.0,MISS TERRY,,WAO2809,60.0
367049010,2020-01-01T08:02:42,29.87846,-89.89948,0.0,199.2,511.0,MISS TERRY,,WAO2809,60.0
367049010,2020-01-01T08:03:52,29.87843,-89.89949,0.0,213.2,511.0,MISS TERRY,,WAO2809,60.0
367049010,2020-01-01T08:05:11,29.87848,-89.89947,0.0,203.7,511.0,MISS TERRY,,WAO2809,60.0
367049010,2020-01-01T08:06:41,29.87849,-89.89946,0.1,194.6,511.0,MISS TERRY,,WAO2809,60.0
367049010,2020-01-01T08:08:11,29.87846,-89.89946,0.0,195.7,511.0,MISS TERRY,,WAO2809,60.0
367049010,2020-01-01T08:09:31,29.87847,-89.89943,0.1,194.6,511.0,MISS TERRY,,WAO2809,60.0
367049010,2020-01-01T08:10:41,29.87845,-89.89944,0.1,206.6,511.0,MISS TERRY,,WAO2809,60.0
367049010,2020-01-01T08:11:42,29.87842,-89.89949,0.0,209.1,511.0,MISS TERRY,,WAO2809,60.0
367049010,2020-01-01T08:12:51,29.87846,-89.89947,0.0,215.5,511.0,MISS TERRY,,WAO2809,60.0
367049010,2020-01-01T08:14:01,29.87846,-89.89946,0.0,218.2,511.0,MISS TERRY,,WAO2809,60.0
367049010,2020-01-01T08:15:12,29.87847,-89.89944,0.1,221.0,511.0,MISS TERRY,,WAO2809,60.0
367049010,2020-01-01T08:16:32,29.87847,-89.89945,0.0,227.2,511.0,MISS TERRY,,WAO2809,60.0
367049010,2020-01-01T08:17:33,29.87847,-89.89946,0.1,232.7,511.0,MISS TERRY,,WAO2809,60.0
367049010,2020-01-01T08:18:41,29.8785,-89.89943,0.1,235.5,511.0,MISS TERRY,,WAO2809,60.0
367049010,2020-01-01T08:20:02,29.8785,-89.89943,0.0,222.8,511.0,MISS TERRY,,WAO2809,60.0
367049010,2020-01-01T08:21:12,29.87848,-89.89945,0.2,209.6,511.0,MISS TERRY,,WAO2809,60.0
367049010,2020-01-01T08:22:23,29.87848,-89.89944,0.1,194.6,511.0,MISS TERRY,,WAO2809,60.0
367049010,2020-01-01T08:23:33,29.87848,-89.89941,0.0,208.9,511.0,MISS TERRY,,WAO2809,60.0
367049010,2020-01-01T08:24:52,29.87848,-89.89942,0.1,212.0,511.0,MISS TERRY,,WAO2809,60.0
367049010,2020-01-01T08:26:11,29.87849,-89.89943,0.2,204.3,511.0,MISS TERRY,,WAO2809,60.0
367049010,2020-01-01T08:27:23,29.87847,-89.89943,0.1,208.0,511.0,MISS TERRY,,WAO2809,60.0
367049010,2020-01-01T08:29:01,29.87847,-89.89939,0.1,219.7,511.0,MISS TERRY,,WAO2809,60.0
367049010,2020-01-01T08:30:31,29.87848,-89.89945,0.0,219.5,511.0,MISS TERRY,,WAO2809,60.0
367049010,2020-01-01T08:32:01,29.87846,-89.89947,0.0,228.1,511.0,MISS TERRY,,WAO2809,60.0
367049010,2020-01-01T08:33:11,29.87846,-89.89946,0.0,230.1,511.0,MISS TERRY,,WAO2809,60.0
367049010,2020-01-01T08:35:11,29.87847,-89.89943,0.1,255.7,511.0,MISS TERRY,,WAO2809,60.0
367049010,2020-01-01T08:36:21,29.87848,-89.89946,0.0,238.1,511.0,MISS TERRY,,WAO2809,60.0
367049010,2020-01-01T08:37:31,29.87848,-89.89945,0.0,237.2,511.0,MISS TERRY,,WAO2809,60.0
367049010,2020-01-01T08:38:41,29.87848,-89.89944,0.1,245.4,511.0,MISS TERRY,,WAO2809,60.0
367049010,2020-01-01T08:39:52,29.87847,-89.89946,0.0,239.1,511.0,MISS TERRY,,WAO2809,60.0
367049010,2020-01-01T08:41:11,29.87846,-89.89946,0.0,236.2,511.0,MISS TERRY,,WAO2809,60.0
367049010,2020-01-01T08:42:12,29.87844,-89.89947,0.0,227.8,511.0,MISS TERRY,,WAO2809,60.0
367049010,2020-01-01T08:44:12,29.87845,-89.89945,0.0,221.2,511.0,MISS TERRY,,WAO2809,60.0
367049010,2020-01-01T08:45:52,29.87844,-89.89942,0.0,219.1,511.0,MISS TERRY,,WAO2809,60.0
367049010,2020-01-01T08:47:31,29.87845,-89.89944,0.1,226.0,511.0,MISS TERRY,,WAO2809,60.0
367049010,2020-01-01T08:50:31,29.87845,-89.89946,0.0,227.7,511.0,MISS TERRY,,WAO2809,60.0
367049010,2020-01-01T08:53:02,29.87847,-89.89946,0.0,227.0,511.0,MISS TERRY,,WAO2809,60.0
367049010,2020-01-01T08:54:11,29.87845,-89.89947,0.0,218.7,511.0,MISS TERRY,,WAO2809,60.0
367049010,2020-01-01T08:55:22,29.87848,-89.89945,0.0,220.6,511.0,MISS TERRY,,WAO2809,60.0
367049010,2020-01-01T08:56:31,29.87845,-89.89946,0.1,219.7,511.0,MISS TERRY,,WAO2809,60.0
367049010,2020-01-01T08:59:51,29.87848,-89.89948,0.0,218.4,511.0,MISS TERRY,,WAO2809,60.0
367049010,2020-01-01T09:00:11,29.87848,-89.89947,0.0,219.7,511.0,MISS TERRY,,WAO2809,60.0
367049010,2020-01-01T09:01:21,29.87847,-89.89947,0.0,220.3,511.0,MISS TERRY,,WAO2809,60.0
367049010,2020-01-01T09:02:22,29.87847,-89.89947,0.0,220.4,511.0,MISS TERRY,,WAO2809,60.0
367049010,2020-01-01T09:03:31,29.87846,-89.89946,0.1,221.5,511.0,MISS TERRY,,WAO2809,60.0
367049010,2020-01-01T09:04:43,29.87847,-89.89946,0.0,214.7,511.0,MISS TERRY,,WAO2809,60.0
367049010,2020-01-01T09:05:51,29.87846,-89.89946,0.1,229.4,511.0,MISS TERRY,,WAO2809,60.0
367049010,2020-01-01T09:07:02,29.87847,-89.89947,0.0,211.3,511.0,MISS TERRY,,WAO2809,60.0
367049010,2020-01-01T09:08:11,29.87847,-89.89948,0.0,204.9,511.0,MISS TERRY,,WAO2809,60.0
367049010,2020-01-01T09:09:21,29.87847,-89.89948,0.0,209.2,511.0,MISS TERRY,,WAO2809,60.0
367049010,2020-01-01T09:11:01,29.87848,-89.89948,0.0,214.5,511.0,MISS TERRY,,WAO2809,60.0
367049010,2020-01-01T09:12:11,29.87847,-89.89947,0.0,217.9,511.0,MISS TERRY,,WAO2809,60.0
367049010,2020-01-01T09:13:12,29.87847,-89.89947,0.0,218.3,511.0,MISS TERRY,,WAO2809,60.0
367049010,2020-01-01T09:14:21,29.87847,-89.89946,0.0,221.4,511.0,MISS TERRY,,WAO2809,60.0
367049010,2020-01-01T09:15:32,29.87848,-89.89947,0.0,225.4,511.0,MISS TERRY,,WAO2809,60.0
367049010,2020-01-01T09:17:32,29.87848,-89.89947,0.0,225.2,511.0,MISS TERRY,,WAO2809,60.0
367049010,2020-01-01T09:19:21,29.87848,-89.89947,0.0,219.0,511.0,MISS TERRY,,WAO2809,60.0
367049010,2020-01-01T09:20:31,29.87848,-89.89947,0.0,220.4,511.0,MISS TERRY,,WAO2809,60.0
367049010,2020-01-01T09:21:42,29.87848,-89.89945,0.0,224.7,511.0,MISS TERRY,,WAO2809,60.0
367049010,2020-01-01T09:22:51,29.87848,-89.89945,0.0,223.4,511.0,MISS TERRY,,WAO2809,60.0
367049010,2020-01-01T09:24:02,29.87845,-89.89947,0.1,203.4,511.0,MISS TERRY,,WAO2809,60.0
367049010,2020-01-01T09:25:31,29.87847,-89.89946,0.0,201.0,511.0,MISS TERRY,,WAO2809,60.0
367049010,2020-01-01T09:27:01,29.87847,-89.89947,0.0,199.0,511.0,MISS TERRY,,WAO2809,60.0
367049010,2020-01-01T09:29:01,29.87845,-89.89943,0.0,195.4,511.0,MISS TERRY,,WAO2809,60.0
367049010,2020-01-01T09:31:01,29.87845,-89.89943,0.1,194.4,511.0,MISS TERRY,,WAO2809,60.0
367049010,2020-01-01T09:32:22,29.87847,-89.89945,0.0,194.9,511.0,MISS TERRY,,WAO2809,60.0
367049010,2020-01-01T09:33:31,29.87847,-89.89948,0.0,192.8,511.0,MISS TERRY,,WAO2809,60.0
367049010,2020-01-01T09:35:42,29.87848,-89.89947,0.0,191.9,511.0,MISS TERRY,,WAO2809,60.0
367049010,2020-01-01T09:37:22,29.87843,-89.89943,0.0,196.6,511.0,MISS TERRY,,WAO2809,60.0
367049010,2020-01-01T09:38:41,29.87844,-89.89945,0.0,207.6,511.0,MISS TERRY,,WAO2809,60.0
367049010,2020-01-01T09:41:22,29.87847,-89.89946,0.0,196.4,511.0,MISS TERRY,,WAO2809,60.0
367049010,2020-01-01T09:42:41,29.87849,-89.89947,0.0,198.5,511.0,MISS TERRY,,WAO2809,60.0
367049010,2020-01-01T09:45:12,29.87847,-89.89948,0.0,202.5,511.0,MISS TERRY,,WAO2809,60.0
367049010,2020-01-01T09:48:32,29.87844,-89.89947,0.0,207.1,511.0,MISS TERRY,,WAO2809,60.0
367049010,2020-01-01T09:50:52,29.87845,-89.89946,0.1,205.2,511.0,MISS TERRY,,WAO2809,60.0
367049010,2020-01-01T09:53:12,29.87844,-89.89943,0.0,217.2,511.0,MISS TERRY,,WAO2809,60.0
367049010,2020-01-01T09:56:51,29.87843,-89.89944,0.1,215.1,511.0,MISS TERRY,,WAO2809,60.0
367049010,2020-01-01T09:58:41,29.87838,-89.89942,0.0,205.3,511.0,MISS TERRY,,WAO2809,60.0
367049010,2020-01-01T09:59:51,29.87839,-89.89942,0.0,191.9,511.0,MISS TERRY,,WAO2809,60.0
367049010,2020-01-01T10:00:12,29.87842,-89.89942,0.0,193.0,511.0,MISS TERRY,,WAO2809,60.0
367049010,2020-01-01T10:01:13,29.87843,-89.89945,0.0,197.2,511.0,MISS TERRY,,WAO2809,60.0
367049010,2020-01-01T10:02:21,29.87849,-89.89944,0.0,194.8,511.0,MISS TERRY,,WAO2809,60.0
367049010,2020-01-01T10:03:31,29.87845,-89.89943,0.0,209.6,511.0,MISS TERRY,,WAO2809,60.0
367049010,2020-01-01T10:04:41,29.87845,-89.89946,0.0,197.0,511.0,MISS TERRY,,WAO2809,60.0
367049010,2020-01-01T10:05:52,29.87845,-89.89945,0.0,208.5,511.0,MISS TERRY,,WAO2809,60.0
367049010,2020-01-01T10:06:53,29.87849,-89.89945,0.0,214.4,511.0,MISS TERRY,,WAO2809,60.0
367049010,2020-01-01T10:08:21,29.87841,-89.89945,0.0,213.2,511.0,MISS TERRY,,WAO2809,60.0
367049010,2020-01-01T10:09:31,29.87844,-89.8994,0.0,214.5,511.0,MISS TERRY,,WAO2809,60.0
367049010,2020-01-01T10:10:41,29.87842,-89.89946,0.0,214.6,511.0,MISS TERRY,,WAO2809,60.0
367049010,2020-01-01T10:11:52,29.87843,-89.89946,0.0,220.0,511.0,MISS TERRY,,WAO2809,60.0
367049010,2020-01-01T10:13:31,29.87843,-89.89941,0.0,225.4,511.0,MISS TERRY,,WAO2809,60.0
367049010,2020-01-01T10:14:52,29.8785,-89.8994,0.0,218.7,511.0,MISS TERRY,,WAO2809,60.0
367049010,2020-01-01T10:16:01,29.87841,-89.89946,0.0,224.1,511.0,MISS TERRY,,WAO2809,60.0
367049010,2020-01-01T10:17:02,29.87842,-89.89949,0.0,225.6,511.0,MISS TERRY,,WAO2809,60.0
367049010,2020-01-01T10:18:11,29.87847,-89.89945,0.0,222.0,511.0,MISS TERRY,,WAO2809,60.0
367049010,2020-01-01T10:19:32,29.87844,-89.8995,0.0,252.4,511.0,MISS TERRY,,WAO2809,60.0
367049010,2020-01-01T10:21:11,29.87845,-89.89944,0.0,218.1,511.0,MISS TERRY,,WAO2809,60.0
367049010,2020-01-01T10:22:31,29.87847,-89.89948,0.0,228.5,511.0,MISS TERRY,,WAO2809,60.0
367049010,2020-01-01T10:24:51,29.87847,-89.89945,0.0,233.8,511.0,MISS TERRY,,WAO2809,60.0
367049010,2020-01-01T10:27:22,29.87848,-89.89943,0.0,242.6,511.0,MISS TERRY,,WAO2809,60.0
367049010,2020-01-01T10:28:32,29.87847,-89.89947,0.0,261.9,511.0,MISS TERRY,,WAO2809,60.0
367049010,2020-01-01T10:30:01,29.87848,-89.89943,0.0,246.5,511.0,MISS TERRY,,WAO2809,60.0
367049010,2020-01-01T10:31:42,29.87845,-89.89945,0.0,254.4,511.0,MISS TERRY,,WAO2809,60.0
367049010,2020-01-01T10:32:52,29.87844,-89.89944,0.0,263.8,511.0,MISS TERRY,,WAO2809,60.0
367049010,2020-01-01T10:34:01,29.87845,-89.89946,0.0,273.8,511.0,MISS TERRY,,WAO2809,60.0
367049010,2020-01-01T10:35:12,29.87844,-89.89942,0.0,264.9,511.0,MISS TERRY,,WAO2809,60.0
367049010,2020-01-01T10:36:31,29.87845,-89.89944,0.0,268.9,511.0,MISS TERRY,,WAO2809,60.0
367049010,2020-01-01T10:38:31,29.87843,-89.89943,0.0,289.8,511.0,MISS TERRY,,WAO2809,60.0
367049010,2020-01-01T10:39:42,29.87844,-89.89945,0.0,295.9,511.0,MISS TERRY,,WAO2809,60.0
367049010,2020-01-01T10:40:52,29.87845,-89.89939,0.0,296.1,511.0,MISS TERRY,,WAO2809,60.0
367049010,2020-01-01T10:43:52,29.8785,-89.89938,0.0,301.8,511.0,MISS TERRY,,WAO2809,60.0
367049010,2020-01-01T10:46:11,29.87846,-89.89941,0.0,285.3,511.0,MISS TERRY,,WAO2809,60.0
367049010,2020-01-01T10:47:41,29.87847,-89.89942,0.0,300.4,511.0,MISS TERRY,,WAO2809,60.0
367049010,2020-01-01T10:49:31,29.87843,-89.89942,0.0,310.8,511.0,MISS TERRY,,WAO2809,60.0
367049010,2020-01-01T10:51:31,29.87845,-89.89942,0.0,321.4,511.0,MISS TERRY,,WAO2809,60.0
367049010,2020-01-01T10:55:02,29.87847,-89.89943,0.0,327.3,511.0,MISS TERRY,,WAO2809,60.0
367049010,2020-01-01T10:57:02,29.87845,-89.89944,0.0,317.3,511.0,MISS TERRY,,WAO2809,60.0
367049010,2020-01-01T10:58:12,29.87847,-89.89943,0.0,315.3,511.0,MISS TERRY,,WAO2809,60.0
367049010,2020-01-01T10:59:22,29.87847,-89.89943,0.1,301.5,511.0,MISS TERRY,,WAO2809,60.0
367049010,2020-01-01T11:00:12,29.87848,-89.89944,0.0,286.0,511.0,MISS TERRY,,WAO2809,60.0
367049010,2020-01-01T11:01:22,29.87847,-89.89944,0.0,287.3,511.0,MISS TERRY,,WAO2809,60.0
367049010,2020-01-01T11:02:31,29.87846,-89.89945,0.0,265.3,511.0,MISS TERRY,,WAO2809,60.0
367049010,2020-01-01T11:03:32,29.87849,-89.89944,0.0,274.3,511.0,MISS TERRY,,WAO2809,60.0
367049010,2020-01-01T11:04:52,29.87854,-89.89945,0.0,269.7,511.0,MISS TERRY,,WAO2809,60.0
367049010,2020-01-01T11:06:12,29.87848,-89.89946,0.0,266.8,511.0,MISS TERRY,,WAO2809,60.0
367049010,2020-01-01T11:07:32,29.87847,-89.89946,0.0,274.3,511.0,MISS TERRY,,WAO2809,60.0
367049010,2020-01-01T11:08:41,29.87849,-89.89946,0.0,280.3,511.0,MISS TERRY,,WAO2809,60.0
367049010,2020-01-01T11:09:42,29.87852,-89.89946,0.0,279.4,511.0,MISS TERRY,,WAO2809,60.0
367049010,2020-01-01T11:11:22,29.87848,-89.89945,0.0,259.7,511.0,MISS TERRY,,WAO2809,60.0
367049010,2020-01-01T11:12:32,29.87849,-89.89946,0.0,272.8,511.0,MISS TERRY,,WAO2809,60.0
367049010,2020-01-01T11:13:41,29.87848,-89.89945,0.0,275.1,511.0,MISS TERRY,,WAO2809,60.0
367049010,2020-01-01T11:15:22,29.87847,-89.89945,0.0,272.6,511.0,MISS TERRY,,WAO2809,60.0
367049010,2020-01-01T11:17:02,29.87846,-89.89945,0.0,279.5,511.0,MISS TERRY,,WAO2809,60.0
367049010,2020-01-01T11:19:02,29.8785,-89.89946,0.0,291.8,511.0,MISS TERRY,,WAO2809,60.0
367049010,2020-01-01T11:20:32,29.87848,-89.89947,0.0,301.8,511.0,MISS TERRY,,WAO2809,60.0
367049010,2020-01-01T11:22:11,29.8785,-89.89947,0.0,305.9,511.0,MISS TERRY,,WAO2809,60.0
367049010,2020-01-01T11:24:11,29.8785,-89.89944,0.0,312.8,511.0,MISS TERRY,,WAO2809,60.0
367049010,2020-01-01T11:25:32,29.87848,-89.89945,0.0,318.5,511.0,MISS TERRY,,WAO2809,60.0
367049010,2020-01-01T11:27:31,29.87846,-89.89946,0.0,322.7,511.0,MISS TERRY,,WAO2809,60.0
367049010,2020-01-01T11:29:11,29.87844,-89.89942,0.0,326.9,511.0,MISS TERRY,,WAO2809,60.0
367049010,2020-01-01T11:31:11,29.87848,-89.89943,0.0,358.3,511.0,MISS TERRY,,WAO2809,60.0
367049010,2020-01-01T11:32:32,29.87846,-89.89943,0.1,351.6,511.0,MISS TERRY,,WAO2809,60.0
367049010,2020-01-01T11:34:32,29.87845,-89.89943,0.2,352.0,511.0,MISS TERRY,,WAO2809,60.0
367049010,2020-01-01T11:35:42,29.87845,-89.89941,0.1,355.4,511.0,MISS TERRY,,WAO2809,60.0
367049010,2020-01-01T11:36:43,29.87847,-89.89944,0.0,348.7,511.0,MISS TERRY,,WAO2809,60.0
367049010,2020-01-01T11:39:11,29.87846,-89.89943,0.0,338.8,511.0,MISS TERRY,,WAO2809,60.0
367049010,2020-01-01T11:40:22,29.87845,-89.89942,0.1,339.2,511.0,MISS TERRY,,WAO2809,60.0
367049010,2020-01-01T11:41:31,29.87854,-89.89938,0.1,333.8,511.0,MISS TERRY,,WAO2809,60.0
367049010,2020-01-01T11:44:11,29.87849,-89.8994,0.2,322.8,511.0,MISS TERRY,,WAO2809,60.0
367049010,2020-01-01T11:45:22,29.8785,-89.89939,0.1,313.3,511.0,MISS TERRY,,WAO2809,60.0
367049010,2020-01-01T11:48:32,29.8785,-89.89939,0.0,260.4,511.0,MISS TERRY,,WAO2809,60.0
367049010,2020-01-01T11:49:43,29.87852,-89.89941,0.0,256.1,511.0,MISS TERRY,,WAO2809,60.0
367049010,2020-01-01T11:52:22,29.87848,-89.89944,0.0,253.7,511.0,MISS TERRY,,WAO2809,60.0
367049010,2020-01-01T11:53:32,29.87847,-89.89945,0.0,252.7,511.0,MISS TERRY,,WAO2809,60.0
367049010,2020-01-01T11:56:32,29.87848,-89.89945,0.0,245.8,511.0,MISS TERRY,,WAO2809,60.0
367049010,2020-01-01T11:58:12,29.87847,-89.89945,0.0,246.4,511.0,MISS TERRY,,WAO2809,60.0
367049010,2020-01-01T11:59:22,29.87844,-89.89945,0.0,255.0,511.0,MISS TERRY,,WAO2809,60.0
367049010,2020-01-01T12:00:12,29.87844,-89.89946,0.0,246.6,511.0,MISS TERRY,,WAO2809,60.0
367049010,2020-01-01T12:01:21,29.87846,-89.89945,0.0,254.0,511.0,MISS TERRY,,WAO2809,60.0
367049010,2020-01-01T12:02:32,29.87847,-89.89944,0.0,256.8,511.0,MISS TERRY,,WAO2809,60.0
367049010,2020-01-01T12:03:42,29.87845,-89.89947,0.0,262.8,511.0,MISS TERRY,,WAO2809,60.0
367049010,2020-01-01T12:04:52,29.87848,-89.89943,0.3,287.0,511.0,MISS TERRY,,WAO2809,60.0
367049010,2020-01-01T12:06:01,29.87846,-89.89943,0.1,338.6,511.0,MISS TERRY,,WAO2809,60.0
367049010,2020-01-01T12:07:11,29.87847,-89.89944,0.1,343.1,511.0,MISS TERRY,,WAO2809,60.0
367049010,2020-01-01T12:08:21,29.87848,-89.89945,0.1,335.8,511.0,MISS TERRY,,WAO2809,60.0
367049010,2020-01-01T12:09:31,29.87848,-89.89945,0.0,340.5,511.0,MISS TERRY,,WAO2809,60.0
367049010,2020-01-01T12:10:41,29.87848,-89.89943,0.0,340.1,511.0,MISS TERRY,,WAO2809,60.0
367049010,2020-01-01T12:11:52,29.8785,-89.89943,0.0,331.1,511.0,MISS TERRY,,WAO2809,60.0
367049010,2020-01-01T12:13:02,29.87851,-89.89944,0.0,324.6,511.0,MISS TERRY,,WAO2809,60.0
367049010,2020-01-01T12:14:11,29.87848,-89.89941,0.1,323.5,511.0,MISS TERRY,,WAO2809,60.0
367049010,2020-01-01T12:16:01,29.87851,-89.89941,0.2,354.4,511.0,MISS TERRY,,WAO2809,60.0
367049010,2020-01-01T12:17:11,29.87849,-89.89942,0.0,339.8,511.0,MISS TERRY,,WAO2809,60.0
367049010,2020-01-01T12:18:42,29.8785,-89.89943,0.1,353.8,511.0,MISS TERRY,,WAO2809,60.0
367049010,2020-01-01T12:19:52,29.8785,-89.89945,0.0,343.0,511.0,MISS TERRY,,WAO2809,60.0
367049010,2020-01-01T12:21:12,29.87849,-89.89945,0.0,338.4,511.0,MISS TERRY,,WAO2809,60.0
367049010,2020-01-01T12:22:13,29.8785,-89.89945,0.1,333.3,511.0,MISS TERRY,,WAO2809,60.0
367049010,2020-01-01T12:24:22,29.87848,-89.89941,0.0,319.0,511.0,MISS TERRY,,WAO2809,60.0
367049010,2020-01-01T12:25:23,29.87845,-89.89948,0.0,311.5,511.0,MISS TERRY,,WAO2809,60.0
367049010,2020-01-01T12:27:22,29.87847,-89.89945,0.0,310.5,511.0,MISS TERRY,,WAO2809,60.0
367049010,2020-01-01T12:29:22,29.87848,-89.89946,0.0,332.0,511.0,MISS TERRY,,WAO2809,60.0
367049010,2020-01-01T12:30:41,29.87848,-89.89946,0.0,330.3,511.0,MISS TERRY,,WAO2809,60.0
367049010,2020-01-01T12:31:42,29.87848,-89.89947,0.0,328.6,511.0,MISS TERRY,,WAO2809,60.0
367049010,2020-01-01T12:33:22,29.87849,-89.89947,0.0,325.0,511.0,MISS TERRY,,WAO2809,60.0
367049010,2020-01-01T12:35:22,29.87848,-89.89942,0.1,316.0,511.0,MISS TERRY,,WAO2809,60.0
367049010,2020-01-01T12:36:42,29.87849,-89.89946,0.2,326.5,511.0,MISS TERRY,,WAO2809,60.0
367049010,2020-01-01T12:38:41,29.87847,-89.89947,0.2,211.9,511.0,MISS TERRY,,WAO2809,60.0
367049010,2020-01-01T12:39:52,29.87849,-89.89947,0.0,173.8,511.0,MISS TERRY,,WAO2809,60.0
367049010,2020-01-01T12:42:22,29.87849,-89.89945,0.2,191.1,511.0,MISS TERRY,,WAO2809,60.0
367049010,2020-01-01T12:44:11,29.87846,-89.89947,0.0,210.7,511.0,MISS TERRY,,WAO2809,60.0
367049010,2020-01-01T12:46:02,29.8785,-89.89944,0.1,215.5,511.0,MISS TERRY,,WAO2809,60.0
367049010,2020-01-01T12:48:21,29.8785,-89.89946,0.2,192.7,511.0,MISS TERRY,,WAO2809,60.0
367049010,2020-01-01T12:50:41,29.87846,-89.89948,0.1,208.2,511.0,MISS TERRY,,WAO2809,60.0
367049010,2020-01-01T12:52:42,29.87845,-89.89946,0.0,217.5,511.0,MISS TERRY,,WAO2809,60.0
367049010,2020-01-01T12:55:31,29.87848,-89.89946,0.1,229.4,511.0,MISS TERRY,,WAO2809,60.0
367049010,2020-01-01T12:57:31,29.87842,-89.89949,0.1,227.3,511.0,MISS TERRY,,WAO2809,60.0
367049010,2020-01-01T12:58:52,29.87845,-89.89948,0.0,235.3,511.0,MISS TERRY,,WAO2809,60.0
367049010,2020-01-01T13:00:11,29.87845,-89.89948,0.0,237.0,511.0,MISS TERRY,,WAO2809,60.0
367049010,2020-01-01T13:01:52,29.87844,-89.89947,0.1,240.6,511.0,MISS TERRY,,WAO2809,60.0
367049010,2020-01-01T13:03:02,29.87845,-89.89944,0.0,230.0,511.0,MISS TERRY,,WAO2809,60.0
367049010,2020-01-01T13:04:11,29.87844,-89.89946,0.1,237.2,511.0,MISS TERRY,,WAO2809,60.0
367049010,2020-01-01T13:05:32,29.87845,-89.89945,0.0,237.9,511.0,MISS TERRY,,WAO2809,60.0
367049010,2020-01-01T13:06:42,29.87844,-89.89946,0.1,223.2,511.0,MISS TERRY,,WAO2809,60.0
367049010,2020-01-01T13:07:52,29.87843,-89.89947,0.0,217.9,511.0,MISS TERRY,,WAO2809,60.0
367049010,2020-01-01T13:09:02,29.87846,-89.89946,0.0,218.2,511.0,MISS TERRY,,WAO2809,60.0
367049010,2020-01-01T13:10:11,29.87844,-89.89946,0.1,223.8,511.0,MISS TERRY,,WAO2809,60.0
367049010,2020-01-01T13:11:32,29.87846,-89.89945,0.0,219.5,511.0,MISS TERRY,,WAO2809,60.0
367049010,2020-01-01T13:12:42,29.87845,-89.89946,0.0,226.8,511.0,MISS TERRY,,WAO2809,60.0
367049010,2020-01-01T13:14:31,29.8785,-89.89947,0.0,215.2,511.0,MISS TERRY,,WAO2809,60.0
367049010,2020-01-01T13:15:42,29.87852,-89.89947,0.1,199.1,511.0,MISS TERRY,,WAO2809,60.0
367049010,2020-01-01T13:17:01,29.87853,-89.89947,0.1,201.2,511.0,MISS TERRY,,WAO2809,60.0
367049010,2020-01-01T13:18:11,29.87852,-89.89947,0.1,216.4,511.0,MISS TERRY,,WAO2809,60.0
367049010,2020-01-01T13:19:32,29.87852,-89.89948,0.0,210.2,511.0,MISS TERRY,,WAO2809,60.0
367049010,2020-01-01T13:20:33,29.87852,-89.89949,0.1,210.7,511.0,MISS TERRY,,WAO2809,60.0
367049010,2020-01-01T13:21:41,29.87851,-89.89951,0.0,216.0,511.0,MISS TERRY,,WAO2809,60.0
367049010,2020-01-01T13:22:42,29.87852,-89.89948,0.1,212.7,511.0,MISS TERRY,,WAO2809,60.0
367049010,2020-01-01T13:23:43,29.87852,-89.89948,0.0,221.5,511.0,MISS TERRY,,WAO2809,60.0
367049010,2020-01-01T13:25:11,29.87851,-89.89947,0.0,233.1,511.0,MISS TERRY,,WAO2809,60.0
367049010,2020-01-01T13:26:32,29.87849,-89.89947,0.0,236.1,511.0,MISS TERRY,,WAO2809,60.0
367049010,2020-01-01T13:29:02,29.87851,-89.89946,0.0,235.9,511.0,MISS TERRY,,WAO2809,60.0
367049010,2020-01-01T13:30:12,29.87851,-89.89943,0.1,237.5,511.0,MISS TERRY,,WAO2809,60.0
367049010,2020-01-01T13:31:31,29.8785,-89.89946,0.0,238.2,511.0,MISS TERRY,,WAO2809,60.0
367049010,2020-01-01T13:32:42,29.87849,-89.89945,0.1,236.7,511.0,MISS TERRY,,WAO2809,60.0
367049010,2020-01-01T13:35:12,29.87852,-89.89945,0.0,238.6,511.0,MISS TERRY,,WAO2809,60.0
367049010,2020-01-01T13:36:32,29.87849,-89.89943,0.0,230.5,511.0,MISS TERRY,,WAO2809,60.0
367049010,2020-01-01T13:38:51,29.87849,-89.89947,0.0,233.9,511.0,MISS TERRY,,WAO2809,60.0
367049010,2020-01-01T13:40:32,29.87849,-89.89947,0.0,233.0,511.0,MISS TERRY,,WAO2809,60.0
367049010,2020-01-01T13:42:22,29.8785,-89.89944,0.0,237.5,511.0,MISS TERRY,,WAO2809,60.0
367049010,2020-01-01T13:43:31,29.87853,-89.89945,0.0,242.4,511.0,MISS TERRY,,WAO2809,60.0
367049010,2020-01-01T13:46:12,29.87845,-89.89942,0.0,252.3,511.0,MISS TERRY,,WAO2809,60.0
367049010,2020-01-01T13:48:32,29.87847,-89.89942,0.0,268.7,511.0,MISS TERRY,,WAO2809,60.0
367049010,2020-01-01T13:49:51,29.87846,-89.89942,0.0,272.0,511.0,MISS TERRY,,WAO2809,60.0
367049010,2020-01-01T13:51:51,29.87848,-89.89945,0.0,286.7,511.0,MISS TERRY,,WAO2809,60.0
367049010,2020-01-01T13:55:52,29.87849,-89.89946,0.1,310.2,511.0,MISS TERRY,,WAO2809,60.0
367049010,2020-01-01T13:57:21,29.87853,-89.89944,0.0,303.1,511.0,MISS TERRY,,WAO2809,60.0
367049010,2020-01-01T13:59:01,29.87852,-89.89945,0.0,296.2,511.0,MISS TERRY,,WAO2809,60.0
367049010,2020-01-01T14:00:11,29.87851,-89.89945,0.0,293.4,511.0,MISS TERRY,,WAO2809,60.0
367049010,2020-01-01T14:01:12,29.87851,-89.89943,0.0,295.0,511.0,MISS TERRY,,WAO2809,60.0
367049010,2020-01-01T14:02:22,29.87849,-89.89946,0.0,309.3,511.0,MISS TERRY,,WAO2809,60.0
367049010,2020-01-01T14:03:42,29.87848,-89.89944,0.0,303.8,511.0,MISS TERRY,,WAO2809,60.0
367049010,2020-01-01T14:04:43,29.87849,-89.89945,0.1,309.2,511.0,MISS TERRY,,WAO2809,60.0
367049010,2020-01-01T14:05:51,29.87848,-89.89945,0.1,330.7,511.0,MISS TERRY,,WAO2809,60.0
367049010,2020-01-01T14:07:01,29.87848,-89.89945,0.0,314.7,511.0,MISS TERRY,,WAO2809,60.0
367049010,2020-01-01T14:08:22,29.87851,-89.89944,0.0,313.2,511.0,MISS TERRY,,WAO2809,60.0
367049010,2020-01-01T14:09:41,29.8785,-89.89944,0.0,274.0,511.0,MISS TERRY,,WAO2809,60.0
367049010,2020-01-01T14:10:52,29.87846,-89.89945,0.0,252.6,511.0,MISS TERRY,,WAO2809,60.0
367049010,2020-01-01T14:12:12,29.87851,-89.89945,0.0,233.2,511.0,MISS TERRY,,WAO2809,60.0
367049010,2020-01-01T14:13:32,29.87852,-89.89948,0.0,222.6,511.0,MISS TERRY,,WAO2809,60.0
367049010,2020-01-01T14:15:12,29.8785,-89.89946,0.0,213.5,511.0,MISS TERRY,,WAO2809,60.0
367049010,2020-01-01T14:16:32,29.87849,-89.89946,0.0,208.3,511.0,MISS TERRY,,WAO2809,60.0
367049010,2020-01-01T14:17:42,29.87852,-89.89947,0.0,211.4,511.0,MISS TERRY,,WAO2809,60.0
367049010,2020-01-01T14:18:51,29.87849,-89.89946,0.0,201.5,511.0,MISS TERRY,,WAO2809,60.0
367049010,2020-01-01T14:20:01,29.87848,-89.89945,0.0,207.3,511.0,MISS TERRY,,WAO2809,60.0
367049010,2020-01-01T14:21:22,29.8785,-89.89946,0.1,200.6,511.0,MISS TERRY,,WAO2809,60.0
367049010,2020-01-01T14:23:11,29.87848,-89.89947,0.1,191.0,511.0,MISS TERRY,,WAO2809,60.0
367049010,2020-01-01T14:24:42,29.87851,-89.89948,0.0,187.7,511.0,MISS TERRY,,WAO2809,60.0
367049010,2020-01-01T14:25:51,29.8785,-89.89947,0.0,195.8,511.0,MISS TERRY,,WAO2809,60.0
367049010,2020-01-01T14:27:01,29.87852,-89.89945,0.0,191.4,511.0,MISS TERRY,,WAO2809,60.0
367049010,2020-01-01T14:28:03,29.8785,-89.89946,0.0,197.7,511.0,MISS TERRY,,WAO2809,60.0
367049010,2020-01-01T14:29:31,29.87849,-89.89946,0.0,197.4,511.0,MISS TERRY,,WAO2809,60.0
367049010,2020-01-01T14:30:41,29.8785,-89.89945,0.0,203.6,511.0,MISS TERRY,,WAO2809,60.0
367049010,2020-01-01T14:32:43,29.87848,-89.89944,0.0,206.3,511.0,MISS TERRY,,WAO2809,60.0
367049010,2020-01-01T14:33:52,29.87846,-89.89944,0.1,208.5,511.0,MISS TERRY,,WAO2809,60.0
367049010,2020-01-01T14:36:11,29.8785,-89.89945,0.0,220.3,511.0,MISS TERRY,,WAO2809,60.0
367049010,2020-01-01T14:38:42,29.87848,-89.89945,0.1,224.1,511.0,MISS TERRY,,WAO2809,60.0
367049010,2020-01-01T14:40:11,29.8785,-89.89945,0.0,231.8,511.0,MISS TERRY,,WAO2809,60.0
367049010,2020-01-01T14:42:11,29.87851,-89.89943,0.1,217.9,511.0,MISS TERRY,,WAO2809,60.0
367049010,2020-01-01T14:43:22,29.87848,-89.89942,0.0,211.5,511.0,MISS TERRY,,WAO2809,60.0
367049010,2020-01-01T14:45:52,29.8785,-89.89947,0.1,270.3,511.0,MISS TERRY,,WAO2809,60.0
367049010,2020-01-01T14:47:12,29.87848,-89.89945,0.1,296.8,511.0,MISS TERRY,,WAO2809,60.0
367049010,2020-01-01T14:48:23,29.8785,-89.89945,0.1,322.4,511.0,MISS TERRY,,WAO2809,60.0
367049010,2020-01-01T14:51:02,29.87844,-89.89941,0.1,315.3,511.0,MISS TERRY,,WAO2809,60.0
367049010,2020-01-01T14:52:12,29.87846,-89.89943,0.1,297.7,511.0,MISS TERRY,,WAO2809,60.0
367049010,2020-01-01T14:54:02,29.87846,-89.8994,0.1,273.1,511.0,MISS TERRY,,WAO2809,60.0
367049010,2020-01-01T14:56:02,29.87845,-89.89939,0.1,246.1,511.0,MISS TERRY,,WAO2809,60.0
367049010,2020-01-01T14:59:22,29.87846,-89.89943,0.1,210.2,511.0,MISS TERRY,,WAO2809,60.0
367049010,2020-01-01T15:00:11,29.87845,-89.89943,0.0,222.8,511.0,MISS TERRY,,WAO2809,60.0
367049010,2020-01-01T15:01:22,29.87846,-89.89945,0.0,220.7,511.0,MISS TERRY,,WAO2809,60.0
367049010,2020-01-01T15:02:32,29.87846,-89.89943,0.1,217.9,511.0,MISS TERRY,,WAO2809,60.0
367049010,2020-01-01T15:03:43,29.87846,-89.89942,0.0,207.9,511.0,MISS TERRY,,WAO2809,60.0
367049010,2020-01-01T15:05:01,29.87846,-89.89944,0.0,199.0,511.0,MISS TERRY,,WAO2809,60.0
367049010,2020-01-01T15:06:11,29.87848,-89.89945,0.1,195.5,511.0,MISS TERRY,,WAO2809,60.0
367049010,2020-01-01T15:07:32,29.87848,-89.89945,0.0,190.6,511.0,MISS TERRY,,WAO2809,60.0
367049010,2020-01-01T15:08:42,29.87847,-89.89945,0.0,188.9,511.0,MISS TERRY,,WAO2809,60.0
367049010,2020-01-01T15:09:43,29.87847,-89.89945,0.0,194.0,511.0,MISS TERRY,,WAO2809,60.0
367049010,2020-01-01T15:10:51,29.87846,-89.89945,0.1,188.2,511.0,MISS TERRY,,WAO2809,60.0
367049010,2020-01-01T15:11:52,29.87847,-89.89944,0.1,201.2,511.0,MISS TERRY,,WAO2809,60.0
367049010,2020-01-01T15:13:01,29.87847,-89.89944,0.1,199.8,511.0,MISS TERRY,,WAO2809,60.0
367049010,2020-01-01T15:14:22,29.87846,-89.89944,0.0,190.5,511.0,MISS TERRY,,WAO2809,60.0
367049010,2020-01-01T15:15:42,29.87844,-89.89942,0.1,183.0,511.0,MISS TERRY,,WAO2809,60.0
367049010,2020-01-01T15:16:51,29.87842,-89.89943,0.0,180.7,511.0,MISS TERRY,,WAO2809,60.0
367049010,2020-01-01T15:18:21,29.87846,-89.89946,0.1,181.6,511.0,MISS TERRY,,WAO2809,60.0
367049010,2020-01-01T15:19:22,29.87843,-89.89944,0.0,181.1,511.0,MISS TERRY,,WAO2809,60.0
367049010,2020-01-01T15:20:41,29.87849,-89.89946,0.0,198.5,511.0,MISS TERRY,,WAO2809,60.0
367049010,2020-01-01T15:21:51,29.87849,-89.89945,0.1,196.0,511.0,MISS TERRY,,WAO2809,60.0
367049010,2020-01-01T15:22:52,29.87849,-89.89945,0.0,184.7,511.0,MISS TERRY,,WAO2809,60.0
367049010,2020-01-01T15:24:02,29.87851,-89.89942,0.0,179.1,511.0,MISS TERRY,,WAO2809,60.0
367049010,2020-01-01T15:25:13,29.87842,-89.8994,0.1,171.0,511.0,MISS TERRY,,WAO2809,60.0
367049010,2020-01-01T15:26:41,29.87847,-89.89945,0.0,162.8,511.0,MISS TERRY,,WAO2809,60.0
367049010,2020-01-01T15:28:12,29.87849,-89.89945,0.0,165.7,511.0,MISS TERRY,,WAO2809,60.0
367049010,2020-01-01T15:30:12,29.87849,-89.89947,0.0,178.9,511.0,MISS TERRY,,WAO2809,60.0
367049010,2020-01-01T15:32:41,29.87849,-89.89944,0.0,183.5,511.0,MISS TERRY,,WAO2809,60.0
367049010,2020-01-01T15:33:52,29.87846,-89.89944,0.0,173.4,511.0,MISS TERRY,,WAO2809,60.0
367049010,2020-01-01T15:35:01,29.87844,-89.89944,0.1,170.5,511.0,MISS TERRY,,WAO2809,60.0
367049010,2020-01-01T15:37:31,29.87846,-89.89942,0.0,168.1,511.0,MISS TERRY,,WAO2809,60.0
367049010,2020-01-01T15:39:31,29.87845,-89.8994,0.1,174.6,511.0,MISS TERRY,,WAO2809,60.0
367049010,2020-01-01T15:40:51,29.87846,-89.89942,0.0,176.3,511.0,MISS TERRY,,WAO2809,60.0
367049010,2020-01-01T15:43:31,29.87847,-89.89945,0.0,166.4,511.0,MISS TERRY,,WAO2809,60.0
367049010,2020-01-01T15:45:31,29.87845,-89.89946,0.0,179.9,511.0,MISS TERRY,,WAO2809,60.0
367049010,2020-01-01T15:47:31,29.87847,-89.89944,0.0,198.8,511.0,MISS TERRY,,WAO2809,60.0
367049010,2020-01-01T15:49:31,29.87845,-89.89944,0.1,189.6,511.0,MISS TERRY,,WAO2809,60.0
367049010,2020-01-01T15:52:31,29.87847,-89.89944,0.1,196.8,511.0,MISS TERRY,,WAO2809,60.0
367049010,2020-01-01T15:53:43,29.87848,-89.89945,0.2,195.7,511.0,MISS TERRY,,WAO2809,60.0
367049010,2020-01-01T15:55:01,29.87847,-89.89945,0.2,195.5,511.0,MISS TERRY,,WAO2809,60.0
367049010,2020-01-01T15:58:32,29.87851,-89.89942,0.0,189.6,511.0,MISS TERRY,,WAO2809,60.0
367049010,2020-01-01T15:59:42,29.87847,-89.89942,0.1,184.8,511.0,MISS TERRY,,WAO2809,60.0
367049010,2020-01-01T16:00:11,29.8785,-89.89944,0.1,186.9,511.0,MISS TERRY,,WAO2809,60.0
367049010,2020-01-01T16:01:21,29.87847,-89.89939,0.1,188.9,511.0,MISS TERRY,,WAO2809,60.0
367049010,2020-01-01T16:02:41,29.87849,-89.89941,0.0,192.3,511.0,MISS TERRY,,WAO2809,60.0
367049010,2020-01-01T16:04:01,29.87847,-89.89945,0.1,185.4,511.0,MISS TERRY,,WAO2809,60.0
367049010,2020-01-01T16:05:12,29.87848,-89.89944,0.0,189.7,511.0,MISS TERRY,,WAO2809,60.0
367049010,2020-01-01T16:06:21,29.87847,-89.89945,0.0,193.0,511.0,MISS TERRY,,WAO2809,60.0
367049010,2020-01-01T16:07:42,29.87847,-89.89945,0.1,199.6,511.0,MISS TERRY,,WAO2809,60.0
367049010,2020-01-01T16:08:52,29.87843,-89.89945,0.1,205.4,511.0,MISS TERRY,,WAO2809,60.0
367049010,2020-01-01T16:10:02,29.87847,-89.89944,0.0,212.5,511.0,MISS TERRY,,WAO2809,60.0
367049010,2020-01-01T16:11:21,29.87846,-89.89947,0.0,214.0,511.0,MISS TERRY,,WAO2809,60.0
367049010,2020-01-01T16:12:31,29.87846,-89.89947,0.0,210.6,511.0,MISS TERRY,,WAO2809,60.0
367049010,2020-01-01T16:13:41,29.87846,-89.89947,0.0,204.0,511.0,MISS TERRY,,WAO2809,60.0
367049010,2020-01-01T16:14:51,29.87847,-89.89948,0.0,213.9,511.0,MISS TERRY,,WAO2809,60.0
367049010,2020-01-01T16:16:12,29.87846,-89.89947,0.0,206.5,511.0,MISS TERRY,,WAO2809,60.0
367049010,2020-01-01T16:17:21,29.87846,-89.89947,0.0,203.4,511.0,MISS TERRY,,WAO2809,60.0
367049010,2020-01-01T16:19:21,29.87845,-89.89947,0.0,214.7,511.0,MISS TERRY,,WAO2809,60.0
367049010,2020-01-01T16:20:32,29.87846,-89.89948,0.0,199.5,511.0,MISS TERRY,,WAO2809,60.0
367049010,2020-01-01T16:21:42,29.87846,-89.89943,0.0,209.5,511.0,MISS TERRY,,WAO2809,60.0
367049010,2020-01-01T16:23:21,29.87846,-89.89941,0.0,215.1,511.0,MISS TERRY,,WAO2809,60.0
367049010,2020-01-01T16:24:32,29.87847,-89.89943,0.0,234.6,511.0,MISS TERRY,,WAO2809,60.0
367049010,2020-01-01T16:26:02,29.87846,-89.89943,0.0,240.1,511.0,MISS TERRY,,WAO2809,60.0
367049010,2020-01-01T16:27:03,29.87847,-89.89942,0.0,250.6,511.0,MISS TERRY,,WAO2809,60.0
367049010,2020-01-01T16:28:32,29.87847,-89.89943,0.0,266.1,511.0,MISS TERRY,,WAO2809,60.0
367049010,2020-01-01T16:30:32,29.87846,-89.89942,0.1,321.4,511.0,MISS TERRY,,WAO2809,60.0
367049010,2020-01-01T16:31:41,29.87846,-89.89942,0.1,315.0,511.0,MISS TERRY,,WAO2809,60.0
367049010,2020-01-01T16:32:52,29.87847,-89.89944,0.0,317.1,511.0,MISS TERRY,,WAO2809,60.0
367049010,2020-01-01T16:34:51,29.87846,-89.89945,0.0,324.1,511.0,MISS TERRY,,WAO2809,60.0
367049010,2020-01-01T16:36:51,29.87845,-89.89943,0.0,350.0,511.0,MISS TERRY,,WAO2809,60.0
367049010,2020-01-01T16:38:51,29.87846,-89.89941,0.1,345.3,511.0,MISS TERRY,,WAO2809,60.0
367049010,2020-01-01T16:39:52,29.87845,-89.89942,0.1,341.5,511.0,MISS TERRY,,WAO2809,60.0
367049010,2020-01-01T16:41:02,29.87846,-89.89942,0.0,342.3,511.0,MISS TERRY,,WAO2809,60.0
367049010,2020-01-01T16:42:11,29.87846,-89.89941,0.0,343.0,511.0,MISS TERRY,,WAO2809,60.0
367049010,2020-01-01T16:44:52,29.87845,-89.89944,0.0,347.3,511.0,MISS TERRY,,WAO2809,60.0
367049010,2020-01-01T16:46:12,29.87846,-89.89944,0.0,331.0,511.0,MISS TERRY,,WAO2809,60.0
367049010,2020-01-01T16:47:52,29.87847,-89.89944,0.1,343.6,511.0,MISS TERRY,,WAO2809,60.0
367049010,2020-01-01T16:49:12,29.87846,-89.89944,0.0,334.2,511.0,MISS TERRY,,WAO2809,60.0
367049010,2020-01-01T16:52:31,29.87849,-89.89944,0.0,318.2,511.0,MISS TERRY,,WAO2809,60.0
367049010,2020-01-01T16:55:31,29.87848,-89.89945,0.0,321.8,511.0,MISS TERRY,,WAO2809,60.0
367049010,2020-01-01T16:57:31,29.87848,-89.89945,0.0,322.4,511.0,MISS TERRY,,WAO2809,60.0
367049010,2020-01-01T16:58:32,29.87848,-89.89944,0.0,314.5,511.0,MISS TERRY,,WAO2809,60.0
367049010,2020-01-01T16:59:41,29.87847,-89.89944,0.0,320.5,511.0,MISS TERRY,,WAO2809,60.0
367049010,2020-01-01T17:00:11,29.87848,-89.89945,0.0,323.6,511.0,MISS TERRY,,WAO2809,60.0
367049010,2020-01-01T17:01:21,29.87848,-89.89945,0.0,319.2,511.0,MISS TERRY,,WAO2809,60.0
367049010,2020-01-01T17:02:22,29.87848,-89.89945,0.0,313.3,511.0,MISS TERRY,,WAO2809,60.0
367049010,2020-01-01T17:03:42,29.87848,-89.89945,0.0,308.6,511.0,MISS TERRY,,WAO2809,60.0
367049010,2020-01-01T17:04:52,29.87847,-89.89942,0.1,318.0,511.0,MISS TERRY,,WAO2809,60.0
367049010,2020-01-01T17:06:02,29.87844,-89.89948,0.1,284.5,511.0,MISS TERRY,,WAO2809,60.0
367049010,2020-01-01T17:07:12,29.87845,-89.89945,0.1,292.8,511.0,MISS TERRY,,WAO2809,60.0
367049010,2020-01-01T17:08:22,29.87845,-89.89945,0.1,341.4,511.0,MISS TERRY,,WAO2809,60.0
367049010,2020-01-01T17:09:32,29.87845,-89.89945,0.1,330.1,511.0,MISS TERRY,,WAO2809,60.0
367049010,2020-01-01T17:10:42,29.87844,-89.89947,0.1,317.9,511.0,MISS TERRY,,WAO2809,60.0
367049010,2020-01-01T17:12:12,29.87847,-89.89945,0.1,320.5,511.0,MISS TERRY,,WAO2809,60.0
367049010,2020-01-01T17:13:42,29.87848,-89.89944,0.2,338.7,511.0,MISS TERRY,,WAO2809,60.0
367049010,2020-01-01T17:15:42,29.87847,-89.89943,0.1,359.5,511.0,MISS TERRY,,WAO2809,60.0
367049010,2020-01-01T17:17:12,29.87847,-89.89943,0.1,332.8,511.0,MISS TERRY,,WAO2809,60.0
367049010,2020-01-01T17:18:22,29.87848,-89.89943,0.1,331.4,511.0,MISS TERRY,,WAO2809,60.0
367049010,2020-01-01T17:19:32,29.87847,-89.89944,0.1,339.7,511.0,MISS TERRY,,WAO2809,60.0
367049010,2020-01-01T17:20:33,29.87846,-89.89944,0.1,330.5,511.0,MISS TERRY,,WAO2809,60.0
367049010,2020-01-01T17:22:41,29.87847,-89.89942,0.0,338.6,511.0,MISS TERRY,,WAO2809,60.0
367049010,2020-01-01T17:24:01,29.87847,-89.89944,0.1,331.9,511.0,MISS TERRY,,WAO2809,60.0
367049010,2020-01-01T17:25:11,29.87846,-89.89941,0.0,305.9,511.0,MISS TERRY,,WAO2809,60.0
367049010,2020-01-01T17:26:32,29.87845,-89.89943,0.1,331.5,511.0,MISS TERRY,,WAO2809,60.0
367049010,2020-01-01T17:28:32,29.87846,-89.89943,0.1,334.4,511.0,MISS TERRY,,WAO2809,60.0
367049010,2020-01-01T17:29:41,29.87845,-89.89942,0.0,328.1,511.0,MISS TERRY,,WAO2809,60.0
367049010,2020-01-01T17:30:51,29.87844,-89.89941,0.1,341.1,511.0,MISS TERRY,,WAO2809,60.0
367049010,2020-01-01T17:33:32,29.87843,-89.89944,0.0,314.6,511.0,MISS TERRY,,WAO2809,60.0
367049010,2020-01-01T17:34:51,29.87844,-89.89945,0.1,323.0,511.0,MISS TERRY,,WAO2809,60.0
367049010,2020-01-01T17:37:11,29.87844,-89.89946,0.1,320.4,511.0,MISS TERRY,,WAO2809,60.0
367049010,2020-01-01T17:39:11,29.87845,-89.89946,0.0,322.3,511.0,MISS TERRY,,WAO2809,60.0
367049010,2020-01-01T17:41:22,29.87845,-89.89947,0.1,352.4,511.0,MISS TERRY,,WAO2809,60.0
367049010,2020-01-01T17:43:42,29.87846,-89.89945,0.1,349.1,511.0,MISS TERRY,,WAO2809,60.0
367049010,2020-01-01T17:44:52,29.87848,-89.89945,0.5,22.6,511.0,MISS TERRY,,WAO2809,60.0
367049010,2020-01-01T17:47:11,29.87846,-89.89945,0.0,342.4,511.0,MISS TERRY,,WAO2809,60.0
367049010,2020-01-01T17:48:32,29.87846,-89.89945,0.1,355.8,511.0,MISS TERRY,,WAO2809,60.0
367049010,2020-01-01T17:51:01,29.87849,-89.89945,0.2,1.6,511.0,MISS TERRY,,WAO2809,60.0
367049010,2020-01-01T17:52:12,29.8785,-89.89944,0.1,353.2,511.0,MISS TERRY,,WAO2809,60.0
367049010,2020-01-01T17:53:32,29.87849,-89.89942,0.0,346.9,511.0,MISS TERRY,,WAO2809,60.0
367049010,2020-01-01T17:54:52,29.87848,-89.89942,0.1,354.7,511.0,MISS TERRY,,WAO2809,60.0
367049010,2020-01-01T17:56:01,29.87851,-89.89942,0.1,345.7,511.0,MISS TERRY,,WAO2809,60.0
367049010,2020-01-01T17:57:32,29.87849,-89.89942,0.1,347.2,511.0,MISS TERRY,,WAO2809,60.0
367049010,2020-01-01T17:59:32,29.87849,-89.89942,0.0,349.1,511.0,MISS TERRY,,WAO2809,60.0
367049010,2020-01-01T18:00:11,29.87849,-89.8994,0.1,350.1,511.0,MISS TERRY,,WAO2809,60.0
367049010,2020-01-01T18:01:21,29.87849,-89.89942,0.0,347.4,511.0,MISS TERRY,,WAO2809,60.0
367049010,2020-01-01T18:02:52,29.87848,-89.89942,0.0,351.6,511.0,MISS TERRY,,WAO2809,60.0
367049010,2020-01-01T18:04:02,29.87846,-89.89941,0.1,350.5,511.0,MISS TERRY,,WAO2809,60.0
367049010,2020-01-01T18:05:21,29.87844,-89.89941,0.0,345.9,511.0,MISS TERRY,,WAO2809,60.0
367049010,2020-01-01T18:06:51,29.87844,-89.89942,0.1,349.1,511.0,MISS TERRY,,WAO2809,60.0
367049010,2020-01-01T18:08:21,29.87844,-89.89943,0.0,336.2,511.0,MISS TERRY,,WAO2809,60.0
367049010,2020-01-01T18:09:22,29.87845,-89.89944,0.2,346.4,511.0,MISS TERRY,,WAO2809,60.0
367049010,2020-01-01T18:10:42,29.87844,-89.89943,0.1,354.4,511.0,MISS TERRY,,WAO2809,60.0
367049010,2020-01-01T18:12:02,29.87844,-89.89944,0.0,342.5,511.0,MISS TERRY,,WAO2809,60.0
367049010,2020-01-01T18:13:11,29.87845,-89.89944,0.0,339.1,511.0,MISS TERRY,,WAO2809,60.0
367049010,2020-01-01T18:14:21,29.87845,-89.89943,0.1,341.4,511.0,MISS TERRY,,WAO2809,60.0
367049010,2020-01-01T18:15:42,29.87845,-89.89944,0.4,343.2,511.0,MISS TERRY,,WAO2809,60.0
367049010,2020-01-01T18:16:52,29.87845,-89.89943,0.1,351.9,511.0,MISS TERRY,,WAO2809,60.0
367049010,2020-01-01T18:18:11,29.87845,-89.89943,0.1,338.6,511.0,MISS TERRY,,WAO2809,60.0
367049010,2020-01-01T18:19:21,29.87845,-89.89942,0.2,344.6,511.0,MISS TERRY,,WAO2809,60.0
367049010,2020-01-01T18:21:11,29.87845,-89.89942,0.1,347.0,511.0,MISS TERRY,,WAO2809,60.0
367049010,2020-01-01T18:22:22,29.87845,-89.89944,0.0,321.7,511.0,MISS TERRY,,WAO2809,60.0
367049010,2020-01-01T18:24:02,29.87846,-89.89945,0.1,322.6,511.0,MISS TERRY,,WAO2809,60.0
367049010,2020-01-01T18:25:12,29.87846,-89.89942,0.1,333.2,511.0,MISS TERRY,,WAO2809,60.0
367049010,2020-01-01T18:27:32,29.87846,-89.89945,0.0,347.2,511.0,MISS TERRY,,WAO2809,60.0
367049010,2020-01-01T18:29:12,29.87849,-89.89944,0.1,334.9,511.0,MISS TERRY,,WAO2809,60.0
367049010,2020-01-01T18:30:32,29.87848,-89.89945,0.1,330.0,511.0,MISS TERRY,,WAO2809,60.0
367049010,2020-01-01T18:31:52,29.87849,-89.89942,0.1,330.7,511.0,MISS TERRY,,WAO2809,60.0
367049010,2020-01-01T18:33:01,29.87848,-89.89943,0.1,337.2,511.0,MISS TERRY,,WAO2809,60.0
367049010,2020-01-01T18:34:11,29.87848,-89.89943,0.1,326.0,511.0,MISS TERRY,,WAO2809,60.0
367049010,2020-01-01T18:35:22,29.87849,-89.89944,0.1,322.2,511.0,MISS TERRY,,WAO2809,60.0
367049010,2020-01-01T18:36:32,29.87847,-89.89944,0.1,323.1,511.0,MISS TERRY,,WAO2809,60.0
367049010,2020-01-01T18:37:42,29.8785,-89.89945,0.1,332.8,511.0,MISS TERRY,,WAO2809,60.0
367049010,2020-01-01T18:38:51,29.87849,-89.89946,0.2,336.9,511.0,MISS TERRY,,WAO2809,60.0
367049010,2020-01-01T18:40:01,29.87849,-89.89946,0.0,339.0,511.0,MISS TERRY,,WAO2809,60.0
367049010,2020-01-01T18:41:21,29.87848,-89.89945,0.0,337.0,511.0,MISS TERRY,,WAO2809,60.0
367049010,2020-01-01T18:43:41,29.87851,-89.89946,0.1,343.4,511.0,MISS TERRY,,WAO2809,60.0
367049010,2020-01-01T18:46:41,29.87849,-89.89945,0.1,347.3,511.0,MISS TERRY,,WAO2809,60.0
367049010,2020-01-01T18:49:11,29.8785,-89.89946,0.3,349.6,511.0,MISS TERRY,,WAO2809,60.0
367049010,2020-01-01T18:51:22,29.87849,-89.89946,0.1,349.6,511.0,MISS TERRY,,WAO2809,60.0
367049010,2020-01-01T18:53:11,29.8785,-89.89947,0.0,343.0,511.0,MISS TERRY,,WAO2809,60.0
367049010,2020-01-01T18:54:22,29.87848,-89.89947,0.1,343.0,511.0,MISS TERRY,,WAO2809,60.0
367049010,2020-01-01T18:56:11,29.87848,-89.89947,0.0,339.7,511.0,MISS TERRY,,WAO2809,60.0
367049010,2020-01-01T18:59:02,29.87847,-89.89946,0.2,344.9,511.0,MISS TERRY,,WAO2809,60.0
367049010,2020-01-01T19:00:11,29.87848,-89.89945,0.1,348.4,511.0,MISS TERRY,,WAO2809,60.0
367049010,2020-01-01T19:01:12,29.87848,-89.89946,0.1,334.4,511.0,MISS TERRY,,WAO2809,60.0
367049010,2020-01-01T19:02:31,29.87847,-89.89945,0.0,346.1,511.0,MISS TERRY,,WAO2809,60.0
367049010,2020-01-01T19:03:32,29.87846,-89.89944,0.0,336.5,511.0,MISS TERRY,,WAO2809,60.0
367049010,2020-01-01T19:04:41,29.87846,-89.89945,0.0,332.4,511.0,MISS TERRY,,WAO2809,60.0
367049010,2020-01-01T19:06:02,29.87847,-89.89944,0.1,342.0,511.0,MISS TERRY,,WAO2809,60.0
367049010,2020-01-01T19:07:12,29.87848,-89.89945,0.0,333.7,511.0,MISS TERRY,,WAO2809,60.0
367049010,2020-01-01T19:08:22,29.87846,-89.89945,0.1,4.4,511.0,MISS TERRY,,WAO2809,60.0
367049010,2020-01-01T19:09:32,29.87848,-89.89945,0.0,345.9,511.0,MISS TERRY,,WAO2809,60.0
367049010,2020-01-01T19:10:41,29.87848,-89.89945,0.1,341.2,511.0,MISS TERRY,,WAO2809,60.0
367049010,2020-01-01T19:11:52,29.87847,-89.89944,0.0,331.7,511.0,MISS TERRY,,WAO2809,60.0
367049010,2020-01-01T19:13:12,29.8785,-89.89943,0.2,317.6,511.0,MISS TERRY,,WAO2809,60.0
367049010,2020-01-01T19:14:22,29.87848,-89.89944,0.1,290.6,511.0,MISS TERRY,,WAO2809,60.0
367049010,2020-01-01T19:15:41,29.87848,-89.89945,0.0,254.3,511.0,MISS TERRY,,WAO2809,60.0
367049010,2020-01-01T19:16:52,29.87848,-89.89945,0.1,240.2,511.0,MISS TERRY,,WAO2809,60.0
367049010,2020-01-01T19:18:01,29.87848,-89.89946,0.1,236.6,511.0,MISS TERRY,,WAO2809,60.0
367049010,2020-01-01T19:19:11,29.87846,-89.89946,0.0,224.4,511.0,MISS TERRY,,WAO2809,60.0
367049010,2020-01-01T19:20:22,29.87847,-89.89946,0.2,205.1,511.0,MISS TERRY,,WAO2809,60.0
367049010,2020-01-01T19:21:31,29.87847,-89.89945,0.1,191.5,511.0,MISS TERRY,,WAO2809,60.0
367049010,2020-01-01T19:23:31,29.87847,-89.89945,0.2,185.9,511.0,MISS TERRY,,WAO2809,60.0
367049010,2020-01-01T19:25:23,29.87849,-89.89943,0.1,178.9,511.0,MISS TERRY,,WAO2809,60.0
367049010,2020-01-01T19:27:31,29.87847,-89.89943,0.1,185.6,511.0,MISS TERRY,,WAO2809,60.0
367049010,2020-01-01T19:29:41,29.87845,-89.89944,0.0,181.3,511.0,MISS TERRY,,WAO2809,60.0
367049010,2020-01-01T19:31:02,29.87843,-89.89943,0.0,181.5,511.0,MISS TERRY,,WAO2809,60.0
367049010,2020-01-01T19:32:41,29.87847,-89.89942,0.0,196.3,511.0,MISS TERRY,,WAO2809,60.0
367049010,2020-01-01T19:34:02,29.87846,-89.89941,0.0,190.3,511.0,MISS TERRY,,WAO2809,60.0
367049010,2020-01-01T19:35:13,29.8785,-89.89943,0.0,184.7,511.0,MISS TERRY,,WAO2809,60.0
367049010,2020-01-01T19:36:21,29.8785,-89.89944,0.1,203.4,511.0,MISS TERRY,,WAO2809,60.0
367049010,2020-01-01T19:37:22,29.87849,-89.89943,0.0,185.1,511.0,MISS TERRY,,WAO2809,60.0
367049010,2020-01-01T19:38:31,29.87847,-89.89943,0.0,209.9,511.0,MISS TERRY,,WAO2809,60.0
367049010,2020-01-01T19:41:21,29.87852,-89.89944,0.0,180.8,511.0,MISS TERRY,,WAO2809,60.0
367049010,2020-01-01T19:43:21,29.87849,-89.89942,0.0,185.5,511.0,MISS TERRY,,WAO2809,60.0
367049010,2020-01-01T19:44:52,29.8785,-89.89943,0.1,195.9,511.0,MISS TERRY,,WAO2809,60.0
367049010,2020-01-01T19:46:31,29.8785,-89.89942,0.0,186.4,511.0,MISS TERRY,,WAO2809,60.0
367049010,2020-01-01T19:49:21,29.87849,-89.89945,0.0,189.8,511.0,MISS TERRY,,WAO2809,60.0
367049010,2020-01-01T19:50:32,29.87849,-89.89945,0.0,185.1,511.0,MISS TERRY,,WAO2809,60.0
367049010,2020-01-01T19:51:52,29.87853,-89.89945,0.0,215.7,511.0,MISS TERRY,,WAO2809,60.0
367049010,2020-01-01T19:53:32,29.87847,-89.89946,0.1,212.5,511.0,MISS TERRY,,WAO2809,60.0
367049010,2020-01-01T19:56:42,29.87849,-89.89946,0.0,242.7,511.0,MISS TERRY,,WAO2809,60.0
367049010,2020-01-01T19:59:22,29.87852,-89.89945,0.1,221.9,511.0,MISS TERRY,,WAO2809,60.0
367049010,2020-01-01T20:00:13,29.8785,-89.89945,0.1,233.2,511.0,MISS TERRY,,WAO2809,60.0
367049010,2020-01-01T20:01:22,29.87849,-89.89946,0.2,196.7,511.0,MISS TERRY,,WAO2809,60.0
367049010,2020-01-01T20:02:31,29.87849,-89.89946,0.9,171.2,511.0,MISS TERRY,,WAO2809,60.0
367049010,2020-01-01T20:03:41,29.87848,-89.89946,0.2,177.4,511.0,MISS TERRY,,WAO2809,60.0
367049010,2020-01-01T20:04:51,29.87848,-89.89946,0.1,173.2,511.0,MISS TERRY,,WAO2809,60.0
367049010,2020-01-01T20:06:02,29.8785,-89.89946,0.0,194.2,511.0,MISS TERRY,,WAO2809,60.0
367049010,2020-01-01T20:07:22,29.87849,-89.89946,0.1,194.3,511.0,MISS TERRY,,WAO2809,60.0
367049010,2020-01-01T20:08:32,29.87851,-89.89944,0.2,204.7,511.0,MISS TERRY,,WAO2809,60.0
367049010,2020-01-01T20:09:42,29.87848,-89.89945,0.0,184.4,511.0,MISS TERRY,,WAO2809,60.0
367049010,2020-01-01T20:11:11,29.8785,-89.89946,0.2,180.3,511.0,MISS TERRY,,WAO2809,60.0
367049010,2020-01-01T20:12:32,29.8785,-89.89946,0.1,182.2,511.0,MISS TERRY,,WAO2809,60.0
367049010,2020-01-01T20:13:42,29.8785,-89.89946,0.3,160.1,511.0,MISS TERRY,,WAO2809,60.0
367049010,2020-01-01T20:15:01,29.87849,-89.89947,0.1,183.9,511.0,MISS TERRY,,WAO2809,60.0
367049010,2020-01-01T20:17:01,29.87848,-89.89947,0.0,186.7,511.0,MISS TERRY,,WAO2809,60.0
367049010,2020-01-01T20:18:12,29.87847,-89.89947,0.1,171.7,511.0,MISS TERRY,,WAO2809,60.0
367049010,2020-01-01T20:20:01,29.87849,-89.89947,0.2,200.1,511.0,MISS TERRY,,WAO2809,60.0
367049010,2020-01-01T20:21:22,29.87847,-89.89945,0.3,171.6,511.0,MISS TERRY,,WAO2809,60.0
367049010,2020-01-01T20:23:01,29.87846,-89.89946,0.1,179.2,511.0,MISS TERRY,,WAO2809,60.0
367049010,2020-01-01T20:24:22,29.87847,-89.89944,0.1,177.9,511.0,MISS TERRY,,WAO2809,60.0
367049010,2020-01-01T20:26:22,29.87846,-89.89945,0.0,183.0,511.0,MISS TERRY,,WAO2809,60.0
367049010,2020-01-01T20:28:22,29.87845,-89.89948,0.1,191.0,511.0,MISS TERRY,,WAO2809,60.0
367049010,2020-01-01T20:29:32,29.87847,-89.89947,0.0,207.2,511.0,MISS TERRY,,WAO2809,60.0
367049010,2020-01-01T20:30:41,29.87847,-89.89947,0.1,186.7,511.0,MISS TERRY,,WAO2809,60.0
367049010,2020-01-01T20:31:51,29.87846,-89.89945,0.1,198.2,511.0,MISS TERRY,,WAO2809,60.0
367049010,2020-01-01T20:34:41,29.87846,-89.89945,0.0,190.9,511.0,MISS TERRY,,WAO2809,60.0
367049010,2020-01-01T20:36:41,29.87846,-89.89945,0.1,193.0,511.0,MISS TERRY,,WAO2809,60.0
367049010,2020-01-01T20:38:42,29.87849,-89.89946,0.1,252.7,511.0,MISS TERRY,,WAO2809,60.0
367049010,2020-01-01T20:39:51,29.87849,-89.89946,0.1,242.3,511.0,MISS TERRY,,WAO2809,60.0
367049010,2020-01-01T20:41:12,29.87848,-89.89946,0.1,154.1,511.0,MISS TERRY,,WAO2809,60.0
367049010,2020-01-01T20:43:42,29.87848,-89.89947,0.1,184.5,511.0,MISS TERRY,,WAO2809,60.0
367049010,2020-01-01T20:44:52,29.87848,-89.89948,0.0,203.5,511.0,MISS TERRY,,WAO2809,60.0
367049010,2020-01-01T20:48:12,29.87848,-89.89944,0.1,196.3,511.0,MISS TERRY,,WAO2809,60.0
367049010,2020-01-01T20:50:12,29.87846,-89.89945,0.2,194.2,511.0,MISS TERRY,,WAO2809,60.0
367049010,2020-01-01T20:51:41,29.8785,-89.89946,0.0,208.5,511.0,MISS TERRY,,WAO2809,60.0
367049010,2020-01-01T20:54:12,29.87847,-89.89944,0.0,189.9,511.0,MISS TERRY,,WAO2809,60.0
367049010,2020-01-01T20:56:32,29.87845,-89.89941,0.0,188.1,511.0,MISS TERRY,,WAO2809,60.0
367049010,2020-01-01T20:57:41,29.87847,-89.89945,0.0,206.2,511.0,MISS TERRY,,WAO2809,60.0
367049010,2020-01-01T20:59:11,29.87849,-89.89946,0.1,213.5,511.0,MISS TERRY,,WAO2809,60.0
367049010,2020-01-01T21:00:11,29.87848,-89.89946,0.1,202.0,511.0,MISS TERRY,,WAO2809,60.0
367049010,2020-01-01T21:01:32,29.87848,-89.89945,0.1,195.9,511.0,MISS TERRY,,WAO2809,60.0
367049010,2020-01-01T21:02:43,29.87847,-89.89946,0.1,203.5,511.0,MISS TERRY,,WAO2809,60.0
367049010,2020-01-01T21:03:51,29.87847,-89.89946,0.0,210.7,511.0,MISS TERRY,,WAO2809,60.0
367049010,2020-01-01T21:05:12,29.87848,-89.89947,0.0,199.7,511.0,MISS TERRY,,WAO2809,60.0
367049010,2020-01-01T21:06:23,29.87849,-89.89947,0.1,215.5,511.0,MISS TERRY,,WAO2809,60.0
367049010,2020-01-01T21:07:32,29.87849,-89.89947,0.4,213.5,511.0,MISS TERRY,,WAO2809,60.0
367049010,2020-01-01T21:08:52,29.87849,-89.89946,0.3,178.0,511.0,MISS TERRY,,WAO2809,60.0
367049010,2020-01-01T21:10:12,29.87849,-89.89947,0.1,184.6,511.0,MISS TERRY,,WAO2809,60.0
367049010,2020-01-01T21:11:22,29.87849,-89.89947,0.1,191.8,511.0,MISS TERRY,,WAO2809,60.0
367049010,2020-01-01T21:13:22,29.87847,-89.89946,0.1,181.0,511.0,MISS TERRY,,WAO2809,60.0
367049010,2020-01-01T21:14:31,29.87848,-89.89947,0.1,174.8,511.0,MISS TERRY,,WAO2809,60.0
367049010,2020-01-01T21:15:32,29.87849,-89.89947,0.0,181.3,511.0,MISS TERRY,,WAO2809,60.0
367049010,2020-01-01T21:17:31,29.87849,-89.89948,0.1,192.4,511.0,MISS TERRY,,WAO2809,60.0
367049010,2020-01-01T21:18:41,29.87847,-89.89948,0.2,181.9,511.0,MISS TERRY,,WAO2809,60.0
367049010,2020-01-01T21:19:51,29.87848,-89.89947,0.0,186.4,511.0,MISS TERRY,,WAO2809,60.0
367049010,2020-01-01T21:21:02,29.8785,-89.89945,0.1,197.6,511.0,MISS TERRY,,WAO2809,60.0
367049010,2020-01-01T21:23:02,29.87847,-89.89945,0.1,204.8,511.0,MISS TERRY,,WAO2809,60.0
367049010,2020-01-01T21:24:22,29.87848,-89.89946,0.5,208.9,511.0,MISS TERRY,,WAO2809,60.0
367049010,2020-01-01T21:26:02,29.87847,-89.89948,0.1,184.4,511.0,MISS TERRY,,WAO2809,60.0
367049010,2020-01-01T21:27:31,29.87848,-89.89949,0.1,191.1,511.0,MISS TERRY,,WAO2809,60.0
367049010,2020-01-01T21:29:02,29.87846,-89.89946,0.1,192.4,511.0,MISS TERRY,,WAO2809,60.0
367049010,2020-01-01T21:30:31,29.87846,-89.89946,0.1,191.1,511.0,MISS TERRY,,WAO2809,60.0
367049010,2020-01-01T21:32:52,29.87847,-89.89947,0.1,194.8,511.0,MISS TERRY,,WAO2809,60.0
367049010,2020-01-01T21:34:02,29.87844,-89.89943,0.0,199.6,511.0,MISS TERRY,,WAO2809,60.0
367049010,2020-01-01T21:35:12,29.87847,-89.89943,0.1,201.4,511.0,MISS TERRY,,WAO2809,60.0
367049010,2020-01-01T21:36:31,29.87847,-89.89945,0.1,223.0,511.0,MISS TERRY,,WAO2809,60.0
367049010,2020-01-01T21:38:12,29.87849,-89.89946,0.1,217.5,511.0,MISS TERRY,,WAO2809,60.0
367049010,2020-01-01T21:39:41,29.87849,-89.89945,0.1,204.3,511.0,MISS TERRY,,WAO2809,60.0
367049010,2020-01-01T21:40:42,29.87847,-89.89946,0.0,200.6,511.0,MISS TERRY,,WAO2809,60.0
367049010,2020-01-01T21:41:52,29.87848,-89.89944,0.1,197.7,511.0,MISS TERRY,,WAO2809,60.0
367049010,2020-01-01T21:44:12,29.8785,-89.89944,0.1,187.7,511.0,MISS TERRY,,WAO2809,60.0
367049010,2020-01-01T21:45:52,29.87848,-89.89945,0.1,194.3,511.0,MISS TERRY,,WAO2809,60.0
367049010,2020-01-01T21:47:01,29.87846,-89.89942,0.1,191.3,511.0,MISS TERRY,,WAO2809,60.0
367049010,2020-01-01T21:48:11,29.87848,-89.89944,0.1,200.4,511.0,MISS TERRY,,WAO2809,60.0
367049010,2020-01-01T21:50:01,29.87846,-89.89948,0.1,183.2,511.0,MISS TERRY,,WAO2809,60.0
367049010,2020-01-01T21:51:02,29.87848,-89.89949,0.0,187.9,511.0,MISS TERRY,,WAO2809,60.0
367049010,2020-01-01T21:53:41,29.87849,-89.89947,0.1,207.1,511.0,MISS TERRY,,WAO2809,60.0
367049010,2020-01-01T21:55:31,29.87848,-89.89946,0.1,182.0,511.0,MISS TERRY,,WAO2809,60.0
367049010,2020-01-01T21:58:31,29.87848,-89.89945,0.2,185.3,511.0,MISS TERRY,,WAO2809,60.0
367049010,2020-01-01T21:59:41,29.87848,-89.89946,0.2,197.7,511.0,MISS TERRY,,WAO2809,60.0
367049010,2020-01-01T22:00:11,29.87846,-89.89943,0.1,179.8,511.0,MISS TERRY,,WAO2809,60.0
367049010,2020-01-01T22:01:21,29.87848,-89.89944,0.1,179.3,511.0,MISS TERRY,,WAO2809,60.0
367049010,2020-01-01T22:02:32,29.87848,-89.89946,0.0,181.1,511.0,MISS TERRY,,WAO2809,60.0
367049010,2020-01-01T22:03:33,29.87848,-89.89948,0.2,181.5,511.0,MISS TERRY,,WAO2809,60.0
367049010,2020-01-01T22:04:41,29.87845,-89.89949,0.1,197.3,511.0,MISS TERRY,,WAO2809,60.0
367049010,2020-01-01T22:05:52,29.87847,-89.89946,0.0,195.0,511.0,MISS TERRY,,WAO2809,60.0
367049010,2020-01-01T22:07:11,29.87845,-89.89942,0.0,185.1,511.0,MISS TERRY,,WAO2809,60.0
367049010,2020-01-01T22:08:31,29.87846,-89.89943,0.0,193.4,511.0,MISS TERRY,,WAO2809,60.0
367049010,2020-01-01T22:10:01,29.87847,-89.89947,0.0,207.7,511.0,MISS TERRY,,WAO2809,60.0
367049010,2020-01-01T22:11:11,29.87846,-89.89947,0.0,211.1,511.0,MISS TERRY,,WAO2809,60.0
367049010,2020-01-01T22:12:23,29.87844,-89.89945,0.0,242.4,511.0,MISS TERRY,,WAO2809,60.0
367049010,2020-01-01T22:13:32,29.87846,-89.89945,0.1,224.3,511.0,MISS TERRY,,WAO2809,60.0
367049010,2020-01-01T22:14:42,29.87847,-89.89942,0.0,188.7,511.0,MISS TERRY,,WAO2809,60.0
367049010,2020-01-01T22:15:51,29.87849,-89.89944,0.0,174.8,511.0,MISS TERRY,,WAO2809,60.0
367049010,2020-01-01T22:17:12,29.87846,-89.89942,0.0,187.4,511.0,MISS TERRY,,WAO2809,60.0
367049010,2020-01-01T22:18:51,29.87847,-89.89945,0.1,200.3,511.0,MISS TERRY,,WAO2809,60.0
367049010,2020-01-01T22:20:02,29.87848,-89.89945,0.1,194.8,511.0,MISS TERRY,,WAO2809,60.0
367049010,2020-01-01T22:21:42,29.87848,-89.89945,0.0,188.6,511.0,MISS TERRY,,WAO2809,60.0
367049010,2020-01-01T22:23:32,29.87848,-89.89946,0.1,177.5,511.0,MISS TERRY,,WAO2809,60.0
367049010,2020-01-01T22:24:42,29.87847,-89.89946,0.0,185.8,511.0,MISS TERRY,,WAO2809,60.0
367049010,2020-01-01T22:26:32,29.87847,-89.89945,0.0,201.4,511.0,MISS TERRY,,WAO2809,60.0
367049010,2020-01-01T22:28:22,29.87847,-89.89945,0.1,221.5,511.0,MISS TERRY,,WAO2809,60.0
367049010,2020-01-01T22:30:22,29.87847,-89.89947,0.1,178.9,511.0,MISS TERRY,,WAO2809,60.0
367049010,2020-01-01T22:32:41,29.87848,-89.89946,0.2,188.0,511.0,MISS TERRY,,WAO2809,60.0
367049010,2020-01-01T22:33:51,29.87848,-89.89946,0.1,200.4,511.0,MISS TERRY,,WAO2809,60.0
367049010,2020-01-01T22:35:01,29.87849,-89.89946,0.2,190.3,511.0,MISS TERRY,,WAO2809,60.0
367049010,2020-01-01T22:36:12,29.8785,-89.89947,0.1,221.7,511.0,MISS TERRY,,WAO2809,60.0
367049010,2020-01-01T22:37:22,29.87848,-89.89948,0.0,199.2,511.0,MISS TERRY,,WAO2809,60.0
367049010,2020-01-01T22:38:31,29.87849,-89.89947,0.1,197.1,511.0,MISS TERRY,,WAO2809,60.0
367049010,2020-01-01T22:40:52,29.87848,-89.89946,0.1,188.7,511.0,MISS TERRY,,WAO2809,60.0
367049010,2020-01-01T22:43:12,29.87847,-89.89946,0.0,183.7,511.0,MISS TERRY,,WAO2809,60.0
367049010,2020-01-01T22:44:21,29.87848,-89.89947,0.1,196.4,511.0,MISS TERRY,,WAO2809,60.0
367049010,2020-01-01T22:47:42,29.87848,-89.89946,0.1,195.3,511.0,MISS TERRY,,WAO2809,60.0
367049010,2020-01-01T22:49:42,29.87847,-89.89946,0.0,187.3,511.0,MISS TERRY,,WAO2809,60.0
367049010,2020-01-01T22:50:52,29.87846,-89.89948,0.0,193.4,511.0,MISS TERRY,,WAO2809,60.0
367049010,2020-01-01T22:54:31,29.87849,-89.89946,0.1,188.5,511.0,MISS TERRY,,WAO2809,60.0
367049010,2020-01-01T22:55:41,29.87849,-89.89945,0.0,190.8,511.0,MISS TERRY,,WAO2809,60.0
367049010,2020-01-01T22:56:51,29.87847,-89.89945,0.0,182.1,511.0,MISS TERRY,,WAO2809,60.0
367049010,2020-01-01T22:57:52,29.87846,-89.89943,0.0,184.1,511.0,MISS TERRY,,WAO2809,60.0
367049010,2020-01-01T22:59:02,29.87847,-89.89946,0.0,189.8,511.0,MISS TERRY,,WAO2809,60.0
367049010,2020-01-01T23:00:12,29.87848,-89.89945,0.0,182.1,511.0,MISS TERRY,,WAO2809,60.0
367049010,2020-01-01T23:01:22,29.87849,-89.89945,0.0,185.7,511.0,MISS TERRY,,WAO2809,60.0
367049010,2020-01-01T23:02:32,29.87848,-89.89943,0.1,180.2,511.0,MISS TERRY,,WAO2809,60.0
367049010,2020-01-01T23:03:41,29.87848,-89.89946,0.0,185.6,511.0,MISS TERRY,,WAO2809,60.0
367049010,2020-01-01T23:04:51,29.87848,-89.89946,0.1,188.9,511.0,MISS TERRY,,WAO2809,60.0
367049010,2020-01-01T23:06:02,29.87847,-89.89947,0.0,187.4,511.0,MISS TERRY,,WAO2809,60.0
367049010,2020-01-01T23:07:03,29.87846,-89.89945,0.0,185.8,511.0,MISS TERRY,,WAO2809,60.0
367049010,2020-01-01T23:08:22,29.87849,-89.89943,0.1,213.1,511.0,MISS TERRY,,WAO2809,60.0
367049010,2020-01-01T23:10:01,29.87848,-89.89942,0.1,201.3,511.0,MISS TERRY,,WAO2809,60.0
367049010,2020-01-01T23:11:12,29.87847,-89.89942,0.0,203.6,511.0,MISS TERRY,,WAO2809,60.0
367049010,2020-01-01T23:12:21,29.87846,-89.89944,0.1,207.6,511.0,MISS TERRY,,WAO2809,60.0
367049010,2020-01-01T23:13:52,29.87847,-89.89945,0.0,201.6,511.0,MISS TERRY,,WAO2809,60.0
367049010,2020-01-01T23:15:02,29.87848,-89.89947,0.0,208.0,511.0,MISS TERRY,,WAO2809,60.0
367049010,2020-01-01T23:16:21,29.87846,-89.89941,0.0,208.2,511.0,MISS TERRY,,WAO2809,60.0
367049010,2020-01-01T23:17:23,29.87848,-89.89942,0.0,215.2,511.0,MISS TERRY,,WAO2809,60.0
367049010,2020-01-01T23:19:12,29.87847,-89.89947,0.0,214.6,511.0,MISS TERRY,,WAO2809,60.0
367049010,2020-01-01T23:20:23,29.87849,-89.89944,0.0,214.3,511.0,MISS TERRY,,WAO2809,60.0
367049010,2020-01-01T23:22:41,29.87847,-89.89944,0.0,217.6,511.0,MISS TERRY,,WAO2809,60.0
367049010,2020-01-01T23:23:51,29.87846,-89.89946,0.0,219.2,511.0,MISS TERRY,,WAO2809,60.0
367049010,2020-01-01T23:25:22,29.87846,-89.89946,0.0,222.5,511.0,MISS TERRY,,WAO2809,60.0
367049010,2020-01-01T23:27:22,29.8785,-89.89947,0.0,219.9,511.0,MISS TERRY,,WAO2809,60.0
367049010,2020-01-01T23:28:51,29.87853,-89.89946,0.0,218.2,511.0,MISS TERRY,,WAO2809,60.0
367049010,2020-01-01T23:30:41,29.87857,-89.89947,0.0,232.4,511.0,MISS TERRY,,WAO2809,60.0
367049010,2020-01-01T23:32:31,29.87863,-89.89941,0.1,228.9,511.0,MISS TERRY,,WAO2809,60.0
367049010,2020-01-01T23:33:52,29.87847,-89.89943,0.0,226.4,511.0,MISS TERRY,,WAO2809,60.0
367049010,2020-01-01T23:36:21,29.87847,-89.89938,0.0,224.6,511.0,MISS TERRY,,WAO2809,60.0
367049010,2020-01-01T23:38:21,29.87848,-89.89935,0.0,236.8,511.0,MISS TERRY,,WAO2809,60.0
367049010,2020-01-01T23:40:11,29.87848,-89.89943,0.0,232.5,511.0,MISS TERRY,,WAO2809,60.0
367049010,2020-01-01T23:42:11,29.87849,-89.89936,0.0,216.7,511.0,MISS TERRY,,WAO2809,60.0
367049010,2020-01-01T23:43:22,29.87848,-89.89941,0.0,214.5,511.0,MISS TERRY,,WAO2809,60.0
367049010,2020-01-01T23:45:51,29.87846,-89.89941,0.0,218.7,511.0,MISS TERRY,,WAO2809,60.0
367049010,2020-01-01T23:47:01,29.8785,-89.89944,0.1,212.8,511.0,MISS TERRY,,WAO2809,60.0
367049010,2020-01-01T23:50:22,29.87847,-89.89942,0.1,196.6,511.0,MISS TERRY,,WAO2809,60.0
367049010,2020-01-01T23:51:32,29.87848,-89.89941,0.1,194.0,511.0,MISS TERRY,,WAO2809,60.0
367049010,2020-01-01T23:54:22,29.87847,-89.89947,0.1,192.7,511.0,MISS TERRY,,WAO2809,60.0
367049010,2020-01-01T23:55:32,29.87846,-89.89944,0.1,190.2,511.0,MISS TERRY,,WAO2809,60.0
367049010,2020-01-01T23:56:42,29.87848,-89.89943,0.1,204.2,511.0,MISS TERRY,,WAO2809,60.0
367049010,2020-01-01T23:59:52,29.87848,-89.89945,0.0,196.9,511.0,MISS TERRY,,WAO2809,60.0
